name,latitude,longitude,heading,shiptype
0,29.1225,49.48167,269,TANKER
1,29.1225,49.4815,96,TANKER
2,29.10991,48.49809,285,TANKER
3,29.10225,48.38405,129,TANKER
4,29.57257,48.91104,177,TANKER
5,29.57074,48.91083,198,TANKER
6,29.65519,48.84325,14,TANKER
7,29.65305,48.84903,236,TANKER
8,29.5925,48.79667,287,TANKER
9,28.70238,50.02923,139,TANKER
10,29.45074,48.92717,158,TANKER
11,29.21693,49.15282,148,TANKER
12,26.94012,50.03796,254,TANKER
13,26.98159,50.1897,309,TANKER
14,27.09163,50.30468,251,TANKER
15,29.08106,48.27813,105,TANKER
16,27.09754,50.73508,90,TANKER
17,27.12314,50.81553,269,TANKER
18,26.94394,50.07529,241,TANKER
19,29.12989,48.15165,8,TANKER
20,28.46595,48.64719,null,TANKER
21,27.11634,50.24941,203,TANKER
22,29.3385,49.35747,193,TANKER
23,29.33775,49.35682,246,TANKER
24,29.61352,48.87375,141,TANKER
25,29.39375,48.95642,153,TANKER
26,27.07369,49.67246,295,CARGO
27,27.07371,49.67245,248,CARGO
28,28.69338,48.55664,237,TANKER
29,28.89419,49.55245,96,TANKER
30,29.12908,48.14966,239,TANKER
31,30.19775,47.88218,244,TANKER
32,28.88503,49.36065,263,TANKER
33,28.985,48.425,305,TANKER
34,29.02705,48.20691,267,TANKER
35,27.27308,49.93768,169,TANKER
36,27.27284,49.93741,169,TANKER
37,27.11955,50.79183,269,TANKER
38,29.32087,49.31407,306,TANKER
39,29.30548,48.87866,109,TANKER
40,29.30167,48.88,189,TANKER
41,29.78253,48.80919,332,TANKER
42,27.37429,50.1638,230,TANKER
43,30.06415,47.93221,350,CARGO
44,28.798,49.59197,298,CARGO
45,28.99877,48.31859,198,CARGO
46,29.81894,49.26693,153,CARGO
47,29.84,49.23133,192,CARGO
48,29.83883,49.23067,156,CARGO
49,29.70084,49.61427,191,CARGO
50,29.70051,49.61403,191,CARGO
51,29.87475,49.20187,323,CARGO
52,29.75623,49.587,206,CARGO
53,29.755,49.58667,28,CARGO
54,29.71067,49.51188,189,CARGO
55,29.70839,49.51157,189,CARGO
56,29.4277,48.0761,17,CARGO
57,29.75478,49.53125,228,CARGO
58,29.75333,49.53,228,CARGO
59,28.73222,48.73424,115,TANKER
60,28.73167,48.73333,115,TANKER
61,30.44167,49.04167,113,CARGO
62,29.75321,49.35442,206,CARGO
63,29.75257,49.35375,223,CARGO
64,29.7449,49.3678,121,CARGO
65,29.74176,49.36898,126,CARGO
66,29.6824,48.69357,3,CARGO
67,29.6798,48.69692,280,CARGO
68,27.55419,49.19744,123,CARGO
69,27.60803,49.26133,51,CARGO
70,29.35167,47.935,234,CARGO
71,30.02016,47.95277,277,CARGO
72,27.35257,50.11125,265,TANKER
73,29.29885,48.986,191,TANKER
74,29.2979,48.98505,233,TANKER
75,27.33447,50.09154,215,TANKER
76,30.43355,49.05752,89,CARGO
77,30.43355,49.05748,89,CARGO
78,28.93965,48.39811,270,CARGO
79,29.61632,48.72115,306,TANKER
80,29.61377,48.72367,197,TANKER
81,28.28913,50.34241,322,CARGO
82,27.71889,50.79637,114,CARGO
83,27.24646,49.88462,337,CARGO
84,27.56684,49.19134,156,CARGO
85,27.56683,49.19131,229,CARGO
86,27.69795,49.40745,224,CARGO
87,27.6552,49.33994,235,CARGO
88,27.02498,49.68849,261,CARGO
89,29.34803,47.92247,333,CARGO
90,29.32497,49.095,287,CARGO
91,29.32499,49.09498,287,CARGO
92,27.16643,49.81692,234,TANKER
93,27.16645,49.81658,234,TANKER
94,27.11518,49.76107,269,TANKER
95,27.33675,50.20457,72,TANKER
96,28.99747,50.83216,286,TANKER
97,28.98023,48.47065,96,TANKER
98,28.74896,50.20179,125,TANKER
99,28.33818,50.2459,319,CARGO
100,29.62267,49.46417,230,TANKER
101,29.62224,49.46377,230,TANKER
102,27.43778,50.41437,319,TANKER
103,30.45224,49.03362,33,CARGO
104,28.94362,49.46904,313,CARGO
105,30.04606,47.94178,203,CARGO
106,28.30411,49.74923,271,SUPPORT
107,28.30413,49.74923,74,SUPPORT
108,28.89061,48.95901,90,CARGO
109,28.8624,49.17931,95,CARGO
110,27.51719,50.6799,133,TANKER
111,29.2445,49.46085,309,TANKER
112,30.14517,48.97684,346,TANKER
113,27.2468,50.63626,263,TANKER
114,27.7,49.5,358,CARGO
115,27.7,49.5,358,CARGO
116,27.75074,49.48609,0,CARGO
117,28.44689,50.59634,335,CARGO
118,30.02833,48.15333,0,TANKER
119,29.6543,48.75446,42,TANKER
120,29.44676,48.93156,155,TANKER
121,28.46572,49.5762,null,SUPPORT
122,28.62203,49.63386,333,SUPPORT
123,28.96458,49.4646,306,CARGO
124,29.05145,49.33832,328,CARGO
125,28.90176,49.89385,325,CARGO
126,28.9181,49.87881,314,CARGO
127,29.28811,49.50755,129,SUPPORT
128,28.35756,49.71088,null,SUPPORT
129,27.17131,49.68227,155,SUPPORT
130,27.17,49.68167,155,SUPPORT
131,27.42622,50.0886,299,TANKER
132,27.72277,49.56735,299,TANKER
133,28.52087,50.46822,126,TANKER
134,28.4559,48.95535,null,SUPPORT
135,29.99035,49.05704,316,SUPPORT
136,30.00002,49.04459,312,SUPPORT
137,29.10957,49.69039,318,TANKER
138,29.11574,49.68434,318,TANKER
139,30.05613,49.00525,153,SUPPORT
140,30.19899,48.97861,350,SUPPORT
141,29.408,48.04367,110,SUPPORT
142,27.13332,49.64508,250,SUPPORT
143,27.13338,49.64508,250,SUPPORT
144,28.43603,49.27293,null,SUPPORT
145,28.43606,49.27297,null,SUPPORT
146,29.40283,48.84508,0,SUPPORT
147,29.40281,48.84514,0,SUPPORT
148,28.15744,50.00946,184,SUPPORT
149,28.97222,50.73733,36,SUPPORT
150,30.01679,48.44598,134,SUPPORT
151,28.33616,49.08823,150,SUPPORT
152,28.33618,49.08832,150,SUPPORT
153,29.24235,49.29012,115,TANKER
154,29.24226,49.29016,115,TANKER
155,27.80776,49.28381,226,SUPPORT
156,27.77167,48.88334,178,SUPPORT
157,27.30027,50.26933,114,SUPPORT
158,28.47605,48.93093,305,SUPPORT
159,28.47373,48.93411,174,SUPPORT
160,27.69558,50.02063,355,SUPPORT
161,28.35951,49.81942,203,SUPPORT
162,28.34623,49.78407,250,SUPPORT
163,27.84094,50.37181,212,SUPPORT
164,28.57987,49.45044,null,SUPPORT
165,28.57988,49.45047,null,SUPPORT
166,28.34954,49.26056,null,SUPPORT
167,28.34934,49.26055,null,SUPPORT
168,29.87292,48.35018,124,SUPPORT
169,28.36513,48.90946,8,SUPPORT
170,28.40658,48.88376,333,SUPPORT
171,27.87317,48.9045,82,SUPPORT
172,28.5802,49.44976,135,SUPPORT
173,28.58333,49.44167,251,SUPPORT
174,27.83221,49.171,50,SUPPORT
175,27.83191,49.17066,207,SUPPORT
176,28.25273,49.10564,147,SUPPORT
177,28.21333,48.84,74,SUPPORT
178,28.15668,49.62803,228,SUPPORT
179,28.30119,48.85959,305,SUPPORT
180,26.89826,50.53571,230,SUPPORT
181,28.3176,49.00331,261,SUPPORT
182,28.26127,48.79351,150,SUPPORT
183,28.40373,49.15126,20,SUPPORT
184,28.30729,49.45015,145,SUPPORT
185,28.30733,49.45005,320,SUPPORT
186,28.40604,48.96663,204,SUPPORT
187,28.40584,48.96655,204,SUPPORT
188,28.25175,49.07229,81,SUPPORT
189,28.24833,49.07333,44,SUPPORT
190,28.35911,49.82516,135,SUPPORT
191,28.44898,49.36835,355,SUPPORT
192,28.44905,49.36835,355,SUPPORT
193,29.82166,48.47029,null,TANKER
194,28.26928,48.94727,215,SUPPORT
195,28.10999,48.84132,333,SUPPORT
196,27.18198,49.63889,264,SUPPORT
197,27.18201,49.63894,263,SUPPORT
198,27.96741,48.92582,10,SUPPORT
199,27.99624,48.85404,21,SUPPORT
200,28.49949,49.38409,284,SUPPORT
201,28.50373,49.3397,210,SUPPORT
202,28.36553,49.47714,242,SUPPORT
203,28.35695,49.45774,243,SUPPORT
204,28.4154,48.52805,68,SUPPORT
205,28.4602,49.54673,264,SUPPORT
206,28.46016,49.54685,66,SUPPORT
207,27.20971,50.38278,176,SUPPORT
208,28.12146,48.86308,172,SUPPORT
209,28.12159,48.86312,298,SUPPORT
210,27.99468,48.83298,44,SUPPORT
211,27.99475,48.83308,44,SUPPORT
212,27.94684,49.34327,355,SUPPORT
213,27.95333,49.34333,8,SUPPORT
214,27.97586,49.34,177,SUPPORT
215,27.74989,49.14303,86,SUPPORT
216,27.27099,50.4007,96,SUPPORT
217,27.27025,50.40714,95,SUPPORT
218,28.29635,49.23126,0,SUPPORT
219,28.29636,49.23122,0,SUPPORT
220,28.27229,49.09062,356,SUPPORT
221,28.22693,49.03485,103,SUPPORT
222,27.83144,49.15509,115,SUPPORT
223,27.75522,49.06138,98,SUPPORT
224,27.51623,49.26922,243,SUPPORT
225,27.51627,49.26928,227,SUPPORT
226,28.40787,49.11271,354,SUPPORT
227,28.47921,49.17098,73,SUPPORT
228,28.39775,49.10986,198,SUPPORT
229,28.39327,49.10954,50,SUPPORT
230,28.14808,50.0065,0,SUPPORT
231,27.26451,49.68483,45,SUPPORT
232,27.2644,49.68347,218,SUPPORT
233,30.29466,48.31266,117,CARGO
234,30.5,47.85833,116,PASSENGER
235,28.02167,48.73167,344,SUPPORT
236,30.43331,48.15593,null,CARGO
237,29.60315,50.46912,0,CARGO
238,29.19792,50.35199,324,SUPPORT
239,27.28395,49.98782,1,SUPPORT
240,29.91963,48.62803,289,SUPPORT
241,28.78839,50.14183,247,SUPPORT
242,28.16366,48.68582,100,SUPPORT
243,28.3979,49.56583,158,SUPPORT
244,28.39786,49.5658,158,SUPPORT
245,29.22083,50.33267,141,SUPPORT
246,29.17823,50.07391,282,SUPPORT
247,27.73977,49.52085,306,SUPPORT
248,27.75401,49.02441,261,SUPPORT
249,28.1482,49.68571,108,SUPPORT
250,27.85167,49.31833,235,SUPPORT
251,27.11689,50.40158,356,SUPPORT
252,26.86268,49.90752,0,SUPPORT
253,28.27422,49.7444,176,SUPPORT
254,28.21207,49.74758,177,SUPPORT
255,27.84977,49.92356,150,SUPPORT
256,26.98903,50.53566,0,SUPPORT
257,30.19188,48.41442,334,CARGO
258,26.85114,50.35627,77,SUPPORT
259,30.56146,47.79183,301,SUPPORT
260,29.85308,48.71861,296,SUPPORT
261,28.10966,49.08697,183,SUPPORT
262,28.10855,49.08697,183,SUPPORT
263,28.33339,49.64374,307,SUPPORT
264,28.3334,49.64379,307,SUPPORT
265,29.31744,50.36306,257,SUPPORT
266,30.43834,48.14789,0,CARGO
267,28.02666,49.0134,54,SUPPORT
268,28.02645,49.01334,54,SUPPORT
269,27.61287,49.10776,70,SUPPORT
270,27.605,49.01833,197,SUPPORT
271,28.46382,48.84988,67,SUPPORT
272,26.89301,49.80737,0,CARGO
273,29.35832,48.43495,81,CARGO
274,28.29732,49.0478,347,SUPPORT
275,28.2972,49.04584,65,SUPPORT
276,29.9879,48.47158,301,CARGO
277,27.42609,50.60062,null,SUPPORT
278,27.87973,48.83414,128,SUPPORT
279,27.8796,48.83247,22,SUPPORT
280,28.71831,48.38601,207,SUPPORT
281,29.72361,48.62032,null,TANKER
282,28.25128,48.8744,147,SUPPORT
283,28.24923,48.87917,23,SUPPORT
284,28.74929,48.88491,253,SUPPORT
285,28.42923,48.57495,253,SUPPORT
286,28.97818,50.85192,0,SUPPORT
287,29.82633,50.25417,null,SUPPORT
288,27.67894,50.16118,227,SUPPORT
289,29.38283,49.15984,129,SUPPORT
290,27.00825,50.56352,235,SUPPORT
291,27.5493,49.19624,209,SUPPORT
292,27.93644,48.97788,328,SUPPORT
293,27.93857,48.9841,279,SUPPORT
294,29.71772,50.16522,150,SUPPORT
295,29.71667,50.165,150,SUPPORT
296,27.65738,49.90092,138,SUPPORT
297,29.3496,48.09846,null,PASSENGER
298,28.05365,48.72543,122,SUPPORT
299,30.45911,48.02177,187,SUPPORT
300,30.46765,49.1873,252,SUPPORT
301,27.25838,49.63863,218,SUPPORT
302,27.25667,49.63667,322,SUPPORT
303,29.6512,48.85075,50,SUPPORT
304,28.46985,49.68708,109,SUPPORT
305,28.45563,49.6901,131,SUPPORT
306,27.8613,50.36191,57,SUPPORT
307,27.86112,50.36235,137,SUPPORT
308,28.44402,48.71792,77,SUPPORT
309,28.49626,49.71687,null,SUPPORT
310,28.58963,49.67783,323,SUPPORT
311,29.33206,49.49583,204,SUPPORT
312,29.25034,49.84602,106,SUPPORT
313,27.62946,49.0608,237,SUPPORT
314,27.6408,49.08764,101,SUPPORT
315,27.73793,49.04415,288,SUPPORT
316,29.30891,49.55296,null,SUPPORT
317,29.30866,49.55275,null,SUPPORT
318,27.04293,50.60135,138,CARGO
319,26.94196,50.70233,147,CARGO
320,30.48071,49.06449,354,UNKNOWN
321,28.05286,50.21833,119,FISHING
322,27.93249,49.54696,196,FISHING
323,27.58782,50.1128,120,FISHING
324,27.35843,49.66505,289,FISHING
325,27.36894,49.79493,145,FISHING
326,27.82875,49.61871,null,FISHING
327,27.55187,49.64955,133,FISHING
328,29.23054,50.19718,176,SUPPORT
329,27.67349,49.32259,338,FISHING
330,27.57135,49.54838,141,FISHING
331,27.29122,49.41085,355,YACHT
332,28.11334,49.90193,null,FISHING
333,27.80968,49.73762,105,FISHING
334,29.53148,48.58429,199,UNKNOWN
335,29.95856,49.67915,161,SUPPORT
336,29.95849,49.6792,185,SUPPORT
337,27.49068,49.90383,17,FISHING
338,27.60736,50.15733,231,FISHING
339,27.64859,49.6889,1,FISHING
340,27.65059,49.68954,186,FISHING
341,27.50812,49.99684,159,FISHING
342,29.14497,49.90067,140,FISHING
343,29.13119,49.91087,148,FISHING
344,27.52974,49.53799,39,FISHING
345,27.15589,49.39988,null,FISHING
346,27.72509,49.62026,null,FISHING
347,27.45261,49.75644,136,FISHING
348,29.18887,48.33201,133,CARGO
349,26.89169,50.34452,null,FISHING
350,27.48892,49.51411,334,FISHING
351,27.71506,49.3501,334,FISHING
352,28.19433,50.50422,157,FISHING
353,27.80707,49.78446,104,FISHING
354,28.15657,50.07886,null,YACHT
355,27.806,50.15819,null,FISHING
356,27.97811,48.95984,272,FISHING
357,28.11571,49.23248,141,FISHING
358,27.39903,49.4713,null,FISHING
359,27.99098,50.25456,162,FISHING
360,27.98937,50.25562,136,FISHING
361,26.75814,50.41606,64,FISHING
362,26.99537,50.69932,38,FISHING
363,29.07223,49.98523,114,FISHING
364,29.0661,49.99059,114,FISHING
365,29.85147,49.6329,208,SUPPORT
366,29.47678,49.39308,296,SUPPORT
367,27.08434,49.94483,356,FISHING
368,27.07931,49.93574,161,FISHING
369,28.96579,49.86146,159,FISHING
370,28.95683,49.8672,148,FISHING
371,27.14848,50.11703,334,FISHING
372,29.34915,50.39264,186,UNKNOWN
373,29.28377,48.18959,298,SUPPORT
374,27.1776,50.16534,null,FISHING
375,26.82502,50.93795,267,FISHING
376,27.32754,49.83935,117,FISHING
377,27.32614,49.84684,37,FISHING
378,27.68996,50.13385,187,FISHING
379,26.9611,50.27456,16,FISHING
380,28.19284,49.08938,329,FISHING
381,28.57166,48.90916,98,FISHING
382,27.02859,49.78094,259,FISHING
383,27.82238,49.93913,137,YACHT
384,27.82239,49.9391,49,YACHT
385,30.28679,48.90547,329,SUPPORT
386,29.95367,49.09222,null,UNKNOWN
387,28.48141,49.39883,351,SUPPORT
388,29.20299,49.87127,139,FISHING
389,29.33371,50.50596,171,CARGO
390,28.06443,49.59182,181,FISHING
391,27.24291,50.26309,143,FISHING
392,27.24154,50.26406,154,FISHING
393,28.98908,49.61604,347,FISHING
394,29.24803,49.86029,null,FISHING
395,28.93665,48.88475,null,UNKNOWN
396,29.93717,49.10669,null,UNKNOWN
397,27.35801,50.01885,85,FISHING
398,27.35161,49.8894,null,FISHING
399,27.35159,49.88941,null,FISHING
400,28.65518,50.35138,139,FISHING
401,26.83417,50.79132,130,FISHING
402,28.15214,49.71774,199,FISHING
403,27.88833,49.23403,253,FISHING
404,27.80573,49.96824,139,FISHING
405,28.55502,50.90343,72,FISHING
406,29.18452,49.84053,0,UNKNOWN
407,27.03915,49.98007,262,FISHING
408,27.02472,49.89537,null,FISHING
409,28.03593,49.87714,null,FISHING
410,28.13685,50.12247,250,FISHING
411,26.79255,50.67056,161,FISHING
412,27.7716,49.42108,278,FISHING
413,27.49103,49.60084,166,FISHING
414,26.84569,50.20871,51,UNKNOWN
415,27.33822,50.50548,136,SUPPORT
416,28.298,50.80952,165,UNKNOWN
417,29.05055,49.97633,119,FISHING
418,29.04665,49.9785,119,FISHING
419,27.03718,50.13252,28,FISHING
420,29.05992,49.7963,145,UNKNOWN
421,27.87967,49.61123,null,FISHING
422,29.26688,50.32765,318,SUPPORT
423,27.92503,49.68367,null,FISHING
424,27.92501,49.68368,null,FISHING
425,27.54375,49.36808,145,FISHING
426,27.81868,49.10066,150,FISHING
427,27.44007,49.37416,null,FISHING
428,26.85377,50.43446,307,FISHING
429,27.29803,49.96041,164,FISHING
430,27.17395,49.99863,null,FISHING
431,28.00758,50.24763,125,FISHING
432,27.16077,50.10389,null,FISHING
433,30.05847,50.14855,168,SUPPORT
434,27.42893,49.75113,259,FISHING
435,27.42433,49.68772,287,FISHING
436,29.05475,50.05767,null,FISHING
437,27.67475,49.80001,280,FISHING
438,27.52495,49.72225,358,FISHING
439,28.13193,49.45545,324,CARGO
440,28.7302,49.20596,315,CARGO
441,29.16261,50.03765,87,SUPPORT
442,28.41561,50.91148,136,FISHING
443,28.39461,50.92123,159,FISHING
444,28.67777,50.32989,158,FISHING
445,28.00154,49.07179,null,FISHING
446,29.38135,47.79733,45,UNKNOWN
447,28.19629,49.68612,236,FISHING
448,28.08703,49.6915,null,FISHING
449,27.57537,49.78826,101,FISHING
450,28.05894,49.01921,null,FISHING
451,29.0006,50.29815,0,FISHING
452,26.87083,50.62213,326,FISHING
453,28.11834,49.30116,208,FISHING
454,28.11942,49.29867,48,FISHING
455,27.59026,48.90856,null,FISHING
456,28.13246,49.55967,45,FISHING
457,28.1255,49.7831,75,FISHING
458,27.76846,50.08723,130,FISHING
459,27.55433,49.44974,279,FISHING
460,27.41999,49.55552,321,FISHING
461,28.0395,49.98312,237,FISHING
462,28.25272,49.87091,null,FISHING
463,26.83289,50.53232,288,FISHING
464,27.59022,49.67718,null,FISHING
465,27.58897,49.67808,null,FISHING
466,27.70725,49.18924,null,FISHING
467,27.67468,49.18921,134,FISHING
468,26.78068,50.42417,235,FISHING
469,27.05408,50.52592,136,FISHING
470,27.83539,49.63721,326,FISHING
471,28.02213,49.77289,232,FISHING
472,29.59835,48.53377,359,FISHING
473,26.88947,50.24677,112,FISHING
474,28.3591,50.94737,157,FISHING
475,28.35295,50.9505,174,FISHING
476,28.00438,50.49092,79,FISHING
477,29.85825,48.46607,null,SUPPORT
478,30.03623,49.44561,298,YACHT
479,27.96417,49.43976,314,FISHING
480,26.99004,50.35672,356,FISHING
481,27.11917,49.98813,100,FISHING
482,28.51595,50.82852,163,YACHT
483,27.48515,50.28436,138,FISHING
484,26.66365,50.18391,1,TANKER
485,26.6637,50.18387,31,TANKER
486,26.94012,50.03796,254,TANKER
487,26.98159,50.1897,309,TANKER
488,27.09163,50.30468,251,TANKER
489,27.09754,50.73508,90,TANKER
490,27.12314,50.81553,269,TANKER
491,26.94394,50.07529,241,TANKER
492,27.11634,50.24941,203,TANKER
493,27.07369,49.67246,295,CARGO
494,27.07371,49.67245,248,CARGO
495,26.29938,50.78085,2,CARGO
496,26.19026,50.68753,72,CARGO
497,26.64657,50.24304,217,TANKER
498,26.61104,50.29798,178,CARGO
499,27.27308,49.93768,169,TANKER
500,27.27284,49.93741,169,TANKER
501,27.11955,50.79183,269,TANKER
502,26.53872,50.17344,239,CARGO
503,26.15667,50.77061,226,TANKER
504,27.33447,50.09154,215,TANKER
505,27.24646,49.88462,337,CARGO
506,27.02498,49.68849,261,CARGO
507,27.16643,49.81692,234,TANKER
508,27.16645,49.81658,234,TANKER
509,27.11518,49.76107,269,TANKER
510,27.33675,50.20457,72,TANKER
511,26.14695,50.78028,226,TANKER
512,27.2468,50.63626,263,TANKER
513,27.17131,49.68227,155,SUPPORT
514,27.17,49.68167,155,SUPPORT
515,27.13332,49.64508,250,SUPPORT
516,27.13338,49.64508,250,SUPPORT
517,26.37102,50.6742,43,SUPPORT
518,24.51828,45.14221,260,TANKER
519,27.30027,50.26933,114,SUPPORT
520,26.195,50.62892,220,CARGO
521,26.89826,50.53571,230,SUPPORT
522,26.32153,50.72551,null,SUPPORT
523,27.18198,49.63889,264,SUPPORT
524,27.18201,49.63894,263,SUPPORT
525,27.20971,50.38278,176,SUPPORT
526,27.27099,50.4007,96,SUPPORT
527,27.27025,50.40714,95,SUPPORT
528,27.26451,49.68483,45,SUPPORT
529,27.2644,49.68347,218,SUPPORT
530,27.28395,49.98782,1,SUPPORT
531,27.11689,50.40158,356,SUPPORT
532,26.86268,49.90752,0,SUPPORT
533,26.98903,50.53566,0,SUPPORT
534,26.85114,50.35627,77,SUPPORT
535,26.89301,49.80737,0,CARGO
536,26.18025,50.21756,null,SUPPORT
537,26.6563,50.26945,257,SUPPORT
538,27.00825,50.56352,235,SUPPORT
539,27.25838,49.63863,218,SUPPORT
540,27.25667,49.63667,322,SUPPORT
541,26.01577,50.47139,251,YACHT
542,26.015,50.47,163,YACHT
543,26.76404,50.57664,190,FISHING
544,26.38898,50.48007,151,YACHT
545,26.60304,50.08147,null,UNKNOWN
546,26.26857,50.49215,212,FISHING
547,26.37389,50.91528,53,YACHT
548,26.40874,50.95833,null,YACHT
549,26.04316,50.72042,274,FISHING
550,26.9611,50.27456,16,FISHING
551,26.65917,50.02879,null,FISHING
552,26.65914,50.02882,null,FISHING
553,27.05408,50.52592,136,FISHING
554,26.88947,50.24677,112,FISHING
555,26.83289,50.53232,288,FISHING
556,26.78068,50.42417,235,FISHING
557,26.10342,50.45202,165,FISHING
558,26.66133,50.7366,154,FISHING
559,26.63985,50.73345,341,FISHING
560,26.70627,50.88279,153,FISHING
561,25.64439,50.21558,null,TANKER
562,25.64439,50.21559,null,TANKER
563,27.1776,50.16534,null,FISHING
564,26.82502,50.93795,267,FISHING
565,27.32754,49.83935,117,FISHING
566,27.32614,49.84684,37,FISHING
567,25.92675,50.63152,359,UNKNOWN
568,27.08434,49.94483,356,FISHING
569,27.07931,49.93574,161,FISHING
570,26.75814,50.41606,64,FISHING
571,26.99537,50.69932,38,FISHING
572,25.46102,50.40315,194,UNKNOWN
573,26.72868,50.44329,null,FISHING
574,26.49532,50.2702,null,UNKNOWN
575,25.27701,50.52285,null,UNKNOWN
576,25.27711,50.52294,null,UNKNOWN
577,26.36349,50.77363,null,UNKNOWN
578,26.51724,50.60567,266,FISHING
579,26.99004,50.35672,356,FISHING
580,27.11917,49.98813,100,FISHING
581,27.02859,49.78094,259,FISHING
582,26.57317,50.62789,159,YACHT
583,26.2942,50.86116,114,YACHT
584,26.54859,50.03036,null,FISHING
585,26.87083,50.62213,326,FISHING
586,26.2241,50.43639,187,FISHING
587,25.69514,50.27523,null,FISHING
588,25.69509,50.27527,null,FISHING
589,25.80855,50.7323,null,FISHING
590,27.04293,50.60135,138,CARGO
591,26.94196,50.70233,147,CARGO
592,26.1141,50.63285,null,YACHT
593,26.40613,50.87481,null,UNKNOWN
594,27.29122,49.41085,355,YACHT
595,26.09389,50.1112,288,YACHT
596,26.09333,50.11,268,YACHT
597,26.89169,50.34452,null,FISHING
598,26.13354,50.6594,351,FISHING
599,25.74631,50.19927,null,SUPPORT
600,26.5778,50.89783,14,FISHING
601,27.15589,49.39988,null,FISHING
602,26.23659,50.50087,344,YACHT
603,25.97475,50.63397,350,FISHING
604,26.10254,50.41209,73,YACHT
605,26.73625,50.78642,61,FISHING
606,26.02832,50.44652,48,FISHING
607,27.14848,50.11703,334,FISHING
608,26.46217,50.5033,39,FISHING
609,26.70378,50.5761,123,FISHING
610,26.64149,50.78823,126,YACHT
611,25.75598,50.18939,null,FISHING
612,27.35161,49.8894,null,FISHING
613,27.35159,49.88941,null,FISHING
614,26.83417,50.79132,130,FISHING
615,26.16941,50.26873,null,YACHT
616,26.14443,50.21204,312,YACHT
617,27.24291,50.26309,143,FISHING
618,27.24154,50.26406,154,FISHING
619,27.33822,50.50548,136,SUPPORT
620,26.05658,50.86118,224,YACHT
621,26.00428,50.83891,61,YACHT
622,26.65194,50.66483,128,FISHING
623,26.20143,50.28591,212,FISHING
624,25.92652,50.16765,null,FISHING
625,26.28573,50.43135,112,YACHT
626,26.27749,50.22209,82,SUPPORT
627,26.27749,50.22209,51,SUPPORT
628,25.93751,50.12119,null,UNKNOWN
629,25.9375,50.12115,null,UNKNOWN
630,26.6472,49.97307,null,FISHING
631,26.84569,50.20871,51,UNKNOWN
632,26.79255,50.67056,161,FISHING
633,27.03718,50.13252,28,FISHING
634,26.16565,50.34619,null,YACHT
635,26.26811,50.57985,140,FISHING
636,26.54176,50.08701,null,FISHING
637,26.53934,50.0875,null,FISHING
638,26.66655,50.13094,null,FISHING
639,26.66659,50.13091,null,FISHING
640,26.52446,50.74357,179,YACHT
641,27.03915,49.98007,262,FISHING
642,27.02472,49.89537,null,FISHING
643,27.29803,49.96041,164,FISHING
644,27.17395,49.99863,null,FISHING
645,26.85377,50.43446,307,FISHING
646,27.16077,50.10389,null,FISHING
647,27.07577,51.01015,92,TANKER
648,27.09163,50.30468,251,TANKER
649,27.15907,51.1295,99,TANKER
650,27.09943,51.59487,98,TANKER
651,27.09754,50.73508,90,TANKER
652,27.21397,51.90078,282,TANKER
653,27.12314,50.81553,269,TANKER
654,27.00567,56.38183,331,TANKER
655,27.177,51.50343,93,TANKER
656,26.77633,52.7616,125,CARGO
657,26.81298,51.28475,322,CARGO
658,26.94625,56.38549,218,TANKER
659,27.0792,52.02545,262,CARGO
660,27.09083,51.77509,83,CARGO
661,27.31152,51.40895,293,TANKER
662,26.91121,52.61455,119,TANKER
663,27.19076,52.11728,289,TANKER
664,27.11955,50.79183,269,TANKER
665,27.18537,51.2904,98,TANKER
666,27.12066,56.11237,91,TANKER
667,27.13165,52.3134,296,TANKER
668,26.78977,56.21848,212,TANKER
669,26.988,56.33767,0,TANKER
670,27.05672,56.33203,163,CARGO
671,27.04948,56.22685,129,CARGO
672,27.5619,51.3143,313,CARGO
673,27.18239,52.23018,113,CARGO
674,27.05922,56.20792,81,CARGO
675,27.37608,51.71006,288,TANKER
676,27.07707,56.36577,324,CARGO
677,27.07667,56.365,325,CARGO
678,28.28913,50.34241,322,CARGO
679,26.89348,52.74537,119,CARGO
680,27.71889,50.79637,114,CARGO
681,26.80849,52.76871,318,CARGO
682,27.04827,55.97492,0,CARGO
683,27.04825,55.97495,0,CARGO
684,28.99747,50.83216,286,TANKER
685,26.98937,52.54891,115,TANKER
686,27.43778,50.41437,319,TANKER
687,27.80557,51.90481,0,SUPPORT
688,27.12379,51.89314,110,CARGO
689,27.51719,50.6799,133,TANKER
690,27.59907,51.22318,42,TANKER
691,27.51432,52.4736,0,TANKER
692,26.91594,56.33599,326,TANKER
693,26.91625,56.33583,330,TANKER
694,26.79987,52.92593,114,TANKER
695,27.2468,50.63626,263,TANKER
696,26.83657,51.01025,255,CARGO
697,28.44689,50.59634,335,CARGO
698,27.02916,52.39761,114,CARGO
699,27.16018,52.01915,113,TANKER
700,27.3334,50.96509,61,TANKER
701,26.87808,51.97152,302,TANKER
702,26.99521,52.62747,114,TANKER
703,27.05208,55.97974,318,SUPPORT
704,27.31767,51.75684,116,TANKER
705,27.53416,52.44792,0,SUPPORT
706,26.8518,52.91396,113,TANKER
707,28.52087,50.46822,126,TANKER
708,28.97222,50.73733,36,SUPPORT
709,27.84094,50.37181,212,SUPPORT
710,26.76868,51.97681,0,SUPPORT
711,26.89826,50.53571,230,SUPPORT
712,26.79381,53.15854,316,SUPPORT
713,27.1539,56.26455,180,TANKER
714,26.98812,51.09575,316,TANKER
715,27.20971,50.38278,176,SUPPORT
716,26.78058,53.38026,142,SUPPORT
717,26.75864,53.39125,232,SUPPORT
718,27.53073,52.55515,328,CARGO
719,27.86626,51.25418,139,SUPPORT
720,27.27099,50.4007,96,SUPPORT
721,27.27025,50.40714,95,SUPPORT
722,27.70967,51.41867,133,CARGO
723,27.688,51.97417,156,SUPPORT
724,29.60315,50.46912,0,CARGO
725,29.19792,50.35199,324,SUPPORT
726,27.33137,52.45768,123,SUPPORT
727,27.18903,52.45674,105,SUPPORT
728,29.22083,50.33267,141,SUPPORT
729,27.11689,50.40158,356,SUPPORT
730,27.15016,56.20304,109,SUPPORT
731,26.98903,50.53566,0,SUPPORT
732,26.96082,55.74938,182,PASSENGER
733,26.97346,55.74944,314,PASSENGER
734,26.97046,55.76064,0,SUPPORT
735,26.85114,50.35627,77,SUPPORT
736,26.85395,56.24004,224,SUPPORT
737,29.31744,50.36306,257,SUPPORT
738,27.42609,50.60062,null,SUPPORT
739,26.94934,55.7418,null,SUPPORT
740,26.94937,55.74179,null,SUPPORT
741,27.81717,51.32318,317,CARGO
742,27.95284,51.2127,0,CARGO
743,28.97818,50.85192,0,SUPPORT
744,27.00825,50.56352,235,SUPPORT
745,27.69212,52.15722,206,SUPPORT
746,26.94889,55.62466,0,SUPPORT
747,26.89812,53.4833,null,SUPPORT
748,27.8613,50.36191,57,SUPPORT
749,27.86112,50.36235,137,SUPPORT
750,28.19433,50.50422,157,FISHING
751,26.75814,50.41606,64,FISHING
752,26.99537,50.69932,38,FISHING
753,29.34915,50.39264,186,UNKNOWN
754,26.89169,50.34452,null,FISHING
755,27.67427,51.28403,154,FISHING
756,27.67027,51.28738,140,FISHING
757,28.31337,50.97552,104,UNKNOWN
758,26.81843,55.6959,181,CARGO
759,26.73466,55.60519,109,CARGO
760,28.51595,50.82852,163,YACHT
761,26.99004,50.35672,356,FISHING
762,28.3591,50.94737,157,FISHING
763,28.35295,50.9505,174,FISHING
764,28.00438,50.49092,79,FISHING
765,26.98798,50.99304,305,CARGO
766,26.98807,50.99045,261,CARGO
767,27.84879,51.20794,186,FISHING
768,27.05408,50.52592,136,FISHING
769,26.79587,51.24762,332,FISHING
770,26.83289,50.53232,288,FISHING
771,26.78068,50.42417,235,FISHING
772,28.03222,51.09874,154,FISHING
773,26.8963,50.95562,120,FISHING
774,28.24663,51.02617,162,FISHING
775,26.82502,50.93795,267,FISHING
776,28.35934,51.07356,167,CARGO
777,28.34745,51.07649,170,CARGO
778,29.33371,50.50596,171,CARGO
779,27.82043,51.24113,149,FISHING
780,27.81614,51.24416,145,FISHING
781,29.26688,50.32765,318,SUPPORT
782,26.79255,50.67056,161,FISHING
783,27.06813,52.61057,151,YACHT
784,27.00393,52.65488,130,YACHT
785,28.65518,50.35138,139,FISHING
786,26.83417,50.79132,130,FISHING
787,27.33822,50.50548,136,SUPPORT
788,28.298,50.80952,165,UNKNOWN
789,28.55502,50.90343,72,FISHING
790,27.04293,50.60135,138,CARGO
791,26.94196,50.70233,147,CARGO
792,29.0006,50.29815,0,FISHING
793,26.87083,50.62213,326,FISHING
794,28.51239,51.08926,174,SUPPORT
795,28.51236,51.08919,276,SUPPORT
796,28.67777,50.32989,158,FISHING
797,26.85377,50.43446,307,FISHING
798,28.04001,51.07971,144,CARGO
799,27.75652,52.13341,247,YACHT
800,26.89616,55.75447,314,CARGO
801,28.41561,50.91148,136,FISHING
802,28.39461,50.92123,159,FISHING
803,27.06857,51.12802,null,FISHING
804,28.13402,51.11411,166,FISHING
805,28.12121,51.11864,166,FISHING
806,27.73369,51.20299,140,FISHING
807,26.58952,52.0366,235,TANKER
808,26.64395,51.8944,246,TANKER
809,26.01532,54.55099,89,TANKER
810,25.6389,52.46169,244,TANKER
811,26.55439,56.56534,138,TANKER
812,25.24405,56.57291,219,TANKER
813,25.25465,55.2689,29,TANKER
814,27.07577,51.01015,92,TANKER
815,26.12148,55.19874,96,TANKER
816,25.26998,56.47129,183,TANKER
817,25.78663,55.42437,236,TANKER
818,27.09163,50.30468,251,TANKER
819,27.15907,51.1295,99,TANKER
820,27.09943,51.59487,98,TANKER
821,25.14567,56.56775,69,TANKER
822,25.15004,52.91532,2,TANKER
823,26.32407,54.11525,214,TANKER
824,27.09754,50.73508,90,TANKER
825,25.16876,56.54733,323,TANKER
826,27.21397,51.90078,282,TANKER
827,26.02487,55.16595,271,TANKER
828,27.12314,50.81553,269,TANKER
829,26.35267,53.58713,122,TANKER
830,25.00757,52.985,232,TANKER
831,27.00567,56.38183,331,TANKER
832,25.19015,56.38395,316,TANKER
833,27.177,51.50343,93,TANKER
834,26.45887,55.84667,257,TANKER
835,25.35633,56.53233,40,TANKER
836,25.02378,55.05361,175,CARGO
837,24.89314,54.26861,302,CARGO
838,24.8931,54.26853,302,CARGO
839,24.80741,54.65068,342,CARGO
840,26.77633,52.7616,125,CARGO
841,26.17379,54.59047,100,CARGO
842,26.29938,50.78085,2,CARGO
843,26.81298,51.28475,322,CARGO
844,26.19026,50.68753,72,CARGO
845,26.53347,53.14632,304,CARGO
846,25.13848,54.81758,204,CARGO
847,26.39199,56.13389,60,TANKER
848,26.94625,56.38549,218,TANKER
849,25.97658,54.09797,218,TANKER
850,25.8994,51.64961,114,TANKER
851,25.02955,55.04484,137,CARGO
852,26.36115,53.85943,268,TANKER
853,27.0792,52.02545,262,CARGO
854,24.97331,54.52445,185,CARGO
855,26.61104,50.29798,178,CARGO
856,27.09083,51.77509,83,CARGO
857,25.88806,51.77701,319,TANKER
858,25.88799,51.77696,359,TANKER
859,25.82417,51.85917,293,TANKER
860,24.18166,52.70518,194,TANKER
861,25.1425,56.50092,257,TANKER
862,25.09781,54.62623,33,CARGO
863,27.31152,51.40895,293,TANKER
864,25.34952,56.56348,16,TANKER
865,24.89378,51.5797,150,TANKER
866,24.89282,51.58035,174,TANKER
867,26.25263,55.9384,209,TANKER
868,26.72547,52.07255,null,TANKER
869,26.91121,52.61455,119,TANKER
870,26.34475,56.0293,5,TANKER
871,24.47133,57.48745,116,TANKER
872,27.19076,52.11728,289,TANKER
873,26.12657,55.36105,80,TANKER
874,26.60942,56.41299,248,TANKER
875,27.11955,50.79183,269,TANKER
876,25.59127,55.1081,160,TANKER
877,26.67627,51.58042,252,TANKER
878,25.90049,51.65155,103,TANKER
879,25.37517,55.08012,344,CARGO
880,27.18537,51.2904,98,TANKER
881,25.53315,54.99817,203,CARGO
882,27.12066,56.11237,91,TANKER
883,27.13165,52.3134,296,TANKER
884,26.78977,56.21848,212,TANKER
885,26.988,56.33767,0,TANKER
886,25.2484,55.261,342,TANKER
887,26.16172,54.84961,97,TANKER
888,25.14235,54.85964,155,CARGO
889,25.36571,55.38134,153,CARGO
890,27.05672,56.33203,163,CARGO
891,26.36234,54.47931,249,TANKER
892,25.73767,53.36515,297,TANKER
893,24.14867,52.73822,204,TANKER
894,27.04948,56.22685,129,CARGO
895,26.53751,53.32875,110,CARGO
896,25.97477,56.04941,223,CARGO
897,25.22574,54.58034,150,CARGO
898,25.0235,51.60317,202,CARGO
899,26.30938,53.42271,267,CARGO
900,26.15667,50.77061,226,TANKER
901,25.85579,51.87682,352,TANKER
902,25.78737,53.61502,80,CARGO
903,25.4042,55.03325,265,TANKER
904,25.96855,51.94061,203,TANKER
905,26.04911,55.70647,46,TANKER
906,26.20477,55.89562,232,TANKER
907,26.28247,53.58772,125,TANKER
908,25.15723,52.88715,144,TANKER
909,25.15722,52.88709,235,TANKER
910,25.97465,56.05352,181,CARGO
911,25.97449,56.05359,185,CARGO
912,27.18239,52.23018,113,CARGO
913,26.69181,52.96464,305,TANKER
914,25.51525,54.86775,101,TANKER
915,26.56971,53.18023,305,TANKER
916,25.53406,55.32229,203,TANKER
917,27.05922,56.20792,81,CARGO
918,26.3096,55.19401,253,CARGO
919,26.35085,54.61278,277,CARGO
920,25.78057,53.95657,68,TANKER
921,25.78071,53.95657,68,TANKER
922,25.81992,51.80995,203,TANKER
923,25.86699,55.60657,243,CARGO
924,25.35997,56.36778,227,TANKER
925,27.07707,56.36577,324,CARGO
926,27.07667,56.365,325,CARGO
927,26.24848,56.31445,null,CARGO
928,24.92065,54.55562,243,CARGO
929,25.53113,55.41394,107,TANKER
930,25.47451,55.48199,286,CARGO
931,26.55073,56.29447,226,CARGO
932,26.89348,52.74537,119,CARGO
933,26.05142,55.69186,247,CARGO
934,25.4213,52.31877,270,CARGO
935,26.06658,55.9616,58,CARGO
936,24.4173,52.4605,268,CARGO
937,24.13524,52.77771,222,CARGO
938,26.31267,53.74666,102,CARGO
939,25.90865,52.00447,250,TANKER
940,25.3059,51.8147,292,TANKER
941,25.49167,55.22151,244,CARGO
942,25.77322,53.20483,118,CARGO
943,25.55581,55.03999,206,TANKER
944,26.4817,56.73094,79,CARGO
945,26.05644,55.94098,282,CARGO
946,25.66892,56.57457,7,CARGO
947,25.30511,51.91082,73,CARGO
948,26.33369,54.78267,277,TANKER
949,25.63697,54.85244,0,TANKER
950,24.51643,54.3919,347,CARGO
951,24.51642,54.39193,347,CARGO
952,26.80849,52.76871,318,CARGO
953,25.31869,52.117,79,CARGO
954,27.04827,55.97492,0,CARGO
955,27.04825,55.97495,0,CARGO
956,25.13889,56.40174,148,TANKER
957,26.31833,56.25,100,TANKER
958,26.31833,56.25,null,TANKER
959,26.54578,52.87502,141,TANKER
960,26.53717,56.41397,58,TANKER
961,25.71444,55.09,302,TANKER
962,26.6743,53.05416,300,CARGO
963,25.5798,55.30933,207,TANKER
964,26.98937,52.54891,115,TANKER
965,25.02051,54.61909,196,CARGO
966,24.97092,53.14822,73,TANKER
967,26.23506,53.8998,93,CARGO
968,25.414,55.2854,254,CARGO
969,26.24633,55.71088,42,TANKER
970,25.24487,54.93748,202,TANKER
971,27.12379,51.89314,110,CARGO
972,24.80011,54.64907,249,CARGO
973,25.3008,51.54701,212,CARGO
974,26.51073,56.36614,56,CARGO
975,25.09883,51.69517,0,CARGO
976,25.47859,55.0952,null,TANKER
977,25.55367,55.35733,229,TANKER
978,26.14695,50.78028,226,TANKER
979,26.91594,56.33599,326,TANKER
980,26.91625,56.33583,330,TANKER
981,26.2613,54.20974,105,TANKER
982,26.79987,52.92593,114,TANKER
983,26.14535,55.43822,70,CARGO
984,27.2468,50.63626,263,TANKER
985,26.66042,51.27942,319,TANKER
986,26.02789,51.74817,2,SUPPORT
987,26.18769,54.54178,103,CARGO
988,25.15438,54.80519,22,CARGO
989,25.63581,53.87089,116,CARGO
990,26.18988,54.6922,94,TANKER
991,25.26288,54.57364,283,CARGO
992,26.59205,51.24557,162,TANKER
993,26.19422,51.86762,122,CARGO
994,24.93289,54.54275,20,CARGO
995,26.43672,53.66705,254,TANKER
996,25.85524,54.24065,296,TANKER
997,25.80917,55.33533,50,TANKER
998,26.83657,51.01025,255,CARGO
999,25.27133,54.8924,347,CARGO
1000,25.88851,53.5518,137,CARGO
1001,26.31435,56.0895,47,CARGO
1002,25.221,51.74258,208,CARGO
1003,27.02916,52.39761,114,CARGO
1004,26.16278,51.76772,336,TANKER
1005,25.66235,54.55994,309,TANKER
1006,26.73199,52.64916,135,CARGO
1007,27.16018,52.01915,113,TANKER
1008,25.09447,55.13103,228,PASSENGER
1009,27.3334,50.96509,61,TANKER
1010,24.24499,53.20029,190,CARGO
1011,26.87808,51.97152,302,TANKER
1012,25.09985,53.65424,277,CARGO
1013,26.19171,55.96575,199,TANKER
1014,25.67528,54.50076,305,SUPPORT
1015,25.69606,54.46484,299,SUPPORT
1016,26.12706,55.09138,92,CARGO
1017,25.74413,55.48505,220,TANKER
1018,24.38167,54.47,68,CARGO
1019,25.94444,56.05971,72,CARGO
1020,26.12075,53.09824,259,CARGO
1021,24.28703,54.43289,223,CARGO
1022,24.28705,54.43289,210,CARGO
1023,24.32059,54.45047,305,SUPPORT
1024,24.32062,54.4505,327,SUPPORT
1025,26.99521,52.62747,114,TANKER
1026,25.79128,54.85089,320,TANKER
1027,25.79106,54.85085,205,TANKER
1028,24.45518,52.50892,234,TANKER
1029,26.22438,54.24124,96,TANKER
1030,26.015,55.93833,317,CARGO
1031,26.015,55.93833,237,CARGO
1032,25.5412,54.55806,72,CARGO
1033,27.05208,55.97974,318,SUPPORT
1034,25.09523,55.00238,160,TANKER
1035,27.31767,51.75684,116,TANKER
1036,26.38701,52.07776,160,SUPPORT
1037,26.55724,56.54737,141,TANKER
1038,26.08398,54.29255,302,CARGO
1039,25.72164,55.04762,20,CARGO
1040,25.80409,55.08127,19,CARGO
1041,24.70621,54.65094,136,CARGO
1042,26.8518,52.91396,113,TANKER
1043,24.71647,54.36961,75,SUPPORT
1044,24.57767,52.94841,216,PASSENGER
1045,24.57767,52.94841,216,PASSENGER
1046,24.69988,54.29381,228,SUPPORT
1047,26.38958,52.54347,24,CARGO
1048,25.97169,55.58831,230,TANKER
1049,24.97727,54.84211,182,CARGO
1050,25.42304,55.45397,1,CARGO
1051,26.37102,50.6742,43,SUPPORT
1052,26.53678,52.27951,353,SUPPORT
1053,25.90676,54.79055,281,TANKER
1054,25.907,54.7906,322,TANKER
1055,24.89666,53.79246,2,SUPPORT
1056,25.43486,55.19872,58,TANKER
1057,26.10282,52.69809,221,SUPPORT
1058,24.5135,52.94736,188,SUPPORT
1059,24.51357,52.94741,348,SUPPORT
1060,26.27249,53.87794,127,CARGO
1061,25.70677,54.69886,174,CARGO
1062,25.33243,54.74979,172,CARGO
1063,25.78691,54.80758,6,TANKER
1064,25.78675,54.80764,6,TANKER
1065,26.63716,51.84069,62,SUPPORT
1066,25.56477,54.18852,218,SUPPORT
1067,24.40324,54.36201,267,SUPPORT
1068,24.40306,54.36242,154,SUPPORT
1069,25.41997,54.92095,1,SUPPORT
1070,26.53819,51.97533,49,SUPPORT
1071,26.62767,52.06987,229,SUPPORT
1072,25.93446,54.62374,125,CARGO
1073,25.93446,54.62374,null,CARGO
1074,26.66076,55.9257,257,CARGO
1075,26.0716,51.99207,210,SUPPORT
1076,26.67318,52.00998,60,SUPPORT
1077,24.94553,54.91445,221,CARGO
1078,24.945,54.91333,221,CARGO
1079,26.50789,52.18089,133,SUPPORT
1080,25.54515,54.84583,242,SUPPORT
1081,25.54239,54.84003,242,SUPPORT
1082,26.71155,51.91888,24,SUPPORT
1083,26.76868,51.97681,0,SUPPORT
1084,26.195,50.62892,220,CARGO
1085,26.1647,52.2516,239,SUPPORT
1086,25.90299,52.12951,149,SUPPORT
1087,26.21778,52.1373,265,SUPPORT
1088,25.9598,55.43963,42,SUPPORT
1089,25.96856,55.44747,37,SUPPORT
1090,25.3495,55.078,0,CARGO
1091,26.89826,50.53571,230,SUPPORT
1092,25.33162,53.65113,323,SUPPORT
1093,25.33817,53.6461,324,SUPPORT
1094,26.3888,51.91787,40,SUPPORT
1095,26.40593,51.81133,178,SUPPORT
1096,25.55822,51.76769,354,SUPPORT
1097,26.44748,51.97294,199,SUPPORT
1098,25.95798,52.02815,25,SUPPORT
1099,25.95796,52.02831,242,SUPPORT
1100,25.35279,54.48534,127,SUPPORT
1101,25.35275,54.48539,317,SUPPORT
1102,26.10399,52.14281,237,SUPPORT
1103,24.98558,53.25073,185,SUPPORT
1104,25.50108,54.30175,121,SUPPORT
1105,25.50072,54.30552,277,SUPPORT
1106,25.34983,56.3668,101,SUPPORT
1107,25.33564,53.5093,206,SUPPORT
1108,25.6707,52.401,169,SUPPORT
1109,26.79381,53.15854,316,SUPPORT
1110,24.18325,52.56718,169,CARGO
1111,24.90749,53.80323,263,SUPPORT
1112,24.90333,53.72333,84,SUPPORT
1113,24.99846,53.71926,null,SUPPORT
1114,26.32153,50.72551,null,SUPPORT
1115,24.49648,54.01642,120,SUPPORT
1116,24.495,54.01667,62,SUPPORT
1117,25.26514,53.26249,181,SUPPORT
1118,24.80667,53.69141,309,SUPPORT
1119,25.22314,53.2569,113,SUPPORT
1120,24.91128,53.61347,301,SUPPORT
1121,24.91117,53.61341,119,SUPPORT
1122,25.58902,52.18019,294,SUPPORT
1123,24.4917,52.42279,194,SUPPORT
1124,24.49172,52.42278,194,SUPPORT
1125,24.83286,53.49971,122,SUPPORT
1126,24.83167,53.49833,159,SUPPORT
1127,25.17797,53.35203,20,SUPPORT
1128,27.1539,56.26455,180,TANKER
1129,24.83674,53.61448,47,SUPPORT
1130,26.53353,54.07796,241,CARGO
1131,26.98812,51.09575,316,TANKER
1132,24.72835,53.58121,175,SUPPORT
1133,24.70104,53.58387,311,SUPPORT
1134,27.20971,50.38278,176,SUPPORT
1135,26.78058,53.38026,142,SUPPORT
1136,26.75864,53.39125,232,SUPPORT
1137,26.00622,52.68937,113,SUPPORT
1138,24.81704,52.83857,287,SUPPORT
1139,25.43386,52.75801,288,SUPPORT
1140,27.27099,50.4007,96,SUPPORT
1141,27.27025,50.40714,95,SUPPORT
1142,25.0441,53.55111,305,SUPPORT
1143,24.73217,53.82754,148,SUPPORT
1144,25.3779,53.4926,226,SUPPORT
1145,24.86599,53.48051,261,SUPPORT
1146,26.74853,52.18303,240,SUPPORT
1147,26.13621,51.74583,196,SUPPORT
1148,25.55886,52.82858,314,SUPPORT
1149,25.42263,52.73589,129,SUPPORT
1150,25.42267,52.73593,355,SUPPORT
1151,24.77063,52.62545,215,SUPPORT
1152,24.77048,52.62536,215,SUPPORT
1153,24.52388,54.24805,166,SUPPORT
1154,24.68085,54.18893,327,SUPPORT
1155,26.54804,54.91647,10,CARGO
1156,24.67961,53.55065,271,PASSENGER
1157,24.68008,53.54044,273,PASSENGER
1158,24.54158,54.13917,222,SUPPORT
1159,24.54158,54.13917,222,SUPPORT
1160,25.0999,53.34803,96,SUPPORT
1161,24.98518,54.21463,302,SUPPORT
1162,24.98518,54.21467,329,SUPPORT
1163,25.50222,51.80513,176,SUPPORT
1164,25.49597,51.80562,175,SUPPORT
1165,26.65538,51.52431,146,SUPPORT
1166,26.55211,54.89017,145,SUPPORT
1167,25.67193,54.2912,339,SUPPORT
1168,25.67163,54.29149,182,SUPPORT
1169,26.3086,51.91406,40,SUPPORT
1170,26.56746,54.00004,null,SUPPORT
1171,24.54481,54.603,273,SUPPORT
1172,24.52678,54.60288,0,SUPPORT
1173,24.07275,51.78959,113,SUPPORT
1174,24.07278,51.78957,113,SUPPORT
1175,25.68189,55.52986,61,SUPPORT
1176,27.33137,52.45768,123,SUPPORT
1177,26.68123,54.23914,57,SUPPORT
1178,24.51442,54.37022,337,SUPPORT
1179,24.54333,54.34167,324,SUPPORT
1180,26.23294,52.22205,173,SUPPORT
1181,26.70877,54.28791,null,CARGO
1182,24.79483,53.20931,40,SUPPORT
1183,27.18903,52.45674,105,SUPPORT
1184,26.41937,52.21047,215,SUPPORT
1185,27.11689,50.40158,356,SUPPORT
1186,27.15016,56.20304,109,SUPPORT
1187,25.96881,51.58994,270,SUPPORT
1188,24.97687,53.82014,327,SUPPORT
1189,24.69374,54.17171,313,SUPPORT
1190,24.70394,53.99805,267,SUPPORT
1191,24.76835,53.83504,24,SUPPORT
1192,24.76838,53.835,348,SUPPORT
1193,24.89756,52.61231,318,SUPPORT
1194,26.42847,55.81649,40,CARGO
1195,24.38267,53.38499,153,SUPPORT
1196,24.38261,53.38504,153,SUPPORT
1197,26.98903,50.53566,0,SUPPORT
1198,24.50953,52.95475,0,SUPPORT
1199,24.50953,52.95475,0,SUPPORT
1200,25.71546,55.80221,175,CARGO
1201,26.97046,55.76064,0,SUPPORT
1202,26.60109,52.6035,275,SUPPORT
1203,26.58389,52.52424,230,SUPPORT
1204,26.96082,55.74938,182,PASSENGER
1205,26.97346,55.74944,314,PASSENGER
1206,24.60006,54.04455,63,SUPPORT
1207,24.59871,54.04674,35,SUPPORT
1208,24.55431,54.45814,null,CARGO
1209,24.56134,54.32264,314,SUPPORT
1210,25.63908,55.71825,null,CARGO
1211,24.59884,53.86708,258,SUPPORT
1212,26.85114,50.35627,77,SUPPORT
1213,26.12844,55.00794,165,CARGO
1214,26.09129,55.02055,161,CARGO
1215,25.19204,55.20069,99,YACHT
1216,25.1161,55.15953,0,YACHT
1217,25.80593,51.98515,116,SUPPORT
1218,26.75802,53.1209,255,SUPPORT
1219,24.18932,54.00075,null,SUPPORT
1220,24.68589,53.97512,87,CARGO
1221,24.69167,54.11833,97,CARGO
1222,24.7605,53.65803,357,CARGO
1223,24.9027,53.06565,324,CARGO
1224,25.49496,53.14598,251,CARGO
1225,26.85395,56.24004,224,SUPPORT
1226,25.01576,53.50036,95,SUPPORT
1227,25.01388,53.51885,97,SUPPORT
1228,26.61364,54.96704,0,SUPPORT
1229,26.14626,51.20342,null,CARGO
1230,26.11219,55.01738,330,SUPPORT
1231,26.25009,54.97467,347,SUPPORT
1232,26.1549,51.19871,143,SUPPORT
1233,24.27507,52.6135,null,SUPPORT
1234,25.89354,55.09585,356,SUPPORT
1235,26.60663,54.0657,238,SUPPORT
1236,26.67237,51.3628,11,SUPPORT
1237,25.97199,51.77297,154,SUPPORT
1238,25.96717,51.77553,154,SUPPORT
1239,25.55709,54.40089,151,SUPPORT
1240,25.55,54.40167,159,SUPPORT
1241,25.09222,52.61933,272,SUPPORT
1242,26.40256,56.21348,50,SUPPORT
1243,25.10039,53.36265,315,SUPPORT
1244,25.18427,53.23941,267,SUPPORT
1245,24.45283,53.37271,19,SUPPORT
1246,24.86683,53.85917,114,SUPPORT
1247,24.49272,52.33366,null,PASSENGER
1248,24.48074,53.75061,177,SUPPORT
1249,26.94934,55.7418,null,SUPPORT
1250,26.94937,55.74179,null,SUPPORT
1251,24.46591,54.47961,179,YACHT
1252,24.46593,54.47961,189,YACHT
1253,24.60167,54.0549,60,SUPPORT
1254,24.6,54.05333,148,SUPPORT
1255,25.01752,52.93285,235,SUPPORT
1256,25.76323,51.73899,184,SUPPORT
1257,25.72601,51.73842,179,SUPPORT
1258,25.93266,55.08489,172,SUPPORT
1259,24.4082,54.32493,118,SUPPORT
1260,26.561,51.32567,303,SUPPORT
1261,25.99001,55.66773,37,CARGO
1262,26.09507,55.75639,25,CARGO
1263,25.8415,55.18517,243,SUPPORT
1264,25.84039,55.18468,211,SUPPORT
1265,26.27692,51.67978,311,SUPPORT
1266,25.73782,52.45698,20,SUPPORT
1267,25.60232,54.41949,328,SUPPORT
1268,25.60333,54.42,322,SUPPORT
1269,26.36463,55.17614,131,SUPPORT
1270,24.7475,56.47228,193,UNKNOWN
1271,24.60965,54.22867,163,SUPPORT
1272,24.54937,54.24121,180,SUPPORT
1273,25.68834,55.19034,57,SUPPORT
1274,25.68924,55.19183,61,SUPPORT
1275,25.93948,55.95646,82,SUPPORT
1276,25.54268,53.19834,324,SUPPORT
1277,25.54217,53.19785,353,SUPPORT
1278,26.56223,53.26632,129,SUPPORT
1279,25.79029,52.60664,110,SUPPORT
1280,25.97362,53.1532,344,SUPPORT
1281,25.97312,53.15445,99,SUPPORT
1282,27.00825,50.56352,235,SUPPORT
1283,25.98252,55.84143,189,SUPPORT
1284,26.51272,54.38285,105,SUPPORT
1285,24.10838,53.48932,null,SUPPORT
1286,25.3844,51.54507,0,SUPPORT
1287,24.78963,54.14035,136,SUPPORT
1288,24.73573,53.19622,236,SUPPORT
1289,24.73585,53.1962,340,SUPPORT
1290,24.4283,52.92725,105,SUPPORT
1291,24.38265,52.97186,177,SUPPORT
1292,25.27509,54.71863,174,SUPPORT
1293,25.24283,54.7007,227,SUPPORT
1294,24.67008,53.62441,103,SUPPORT
1295,24.85367,54.10018,54,SUPPORT
1296,24.11667,53.90667,null,SUPPORT
1297,25.22167,54.26,299,SUPPORT
1298,24.39355,52.51335,61,SUPPORT
1299,24.48906,52.5837,45,SUPPORT
1300,24.53602,54.38796,186,SUPPORT
1301,24.2259,53.06549,1,SUPPORT
1302,24.16605,51.98787,100,SUPPORT
1303,24.16745,51.98996,308,SUPPORT
1304,24.15595,52.98152,null,SUPPORT
1305,24.90989,51.71674,190,SUPPORT
1306,25.99583,52.25498,301,SUPPORT
1307,24.51682,52.96479,33,SUPPORT
1308,24.62592,52.99971,256,SUPPORT
1309,26.89812,53.4833,null,SUPPORT
1310,26.94889,55.62466,0,SUPPORT
1311,25.30321,51.55776,354,SUPPORT
1312,26.61231,51.01974,262,SUPPORT
1313,25.78498,54.57519,164,SUPPORT
1314,26.62556,53.62735,278,SUPPORT
1315,25.90787,55.99343,218,SUPPORT
1316,25.25034,55.18578,null,SUPPORT
1317,24.07436,51.79963,23,SUPPORT
1318,24.13741,51.90858,86,SUPPORT
1319,24.88589,53.22592,319,SUPPORT
1320,25.60462,54.43912,311,SUPPORT
1321,25.44765,54.64237,135,SUPPORT
1322,26.01577,50.47139,251,YACHT
1323,26.015,50.47,163,YACHT
1324,25.34653,54.48665,272,SUPPORT
1325,25.34713,54.47908,37,SUPPORT
1326,26.54432,54.04831,175,PASSENGER
1327,24.59881,53.35168,317,SUPPORT
1328,26.23005,56.26017,203,UNKNOWN
1329,26.20872,56.24535,16,UNKNOWN
1330,26.24196,56.52031,187,UNKNOWN
1331,25.93761,56.43142,326,UNKNOWN
1332,26.58592,52.73254,329,FISHING
1333,26.39672,54.4736,247,FISHING
1334,26.33652,54.33154,161,FISHING
1335,24.6506,53.02584,null,UNKNOWN
1336,24.65051,53.02574,null,UNKNOWN
1337,27.04293,50.60135,138,CARGO
1338,26.94196,50.70233,147,CARGO
1339,25.80855,50.7323,null,FISHING
1340,26.43815,53.75541,154,FISHING
1341,24.89092,51.54828,281,YACHT
1342,24.17443,53.28805,183,PASSENGER
1343,25.95672,51.42809,92,YACHT
1344,26.57317,50.62789,159,YACHT
1345,24.255,53.97833,189,SUPPORT
1346,25.35295,51.56063,null,YACHT
1347,26.2942,50.86116,114,YACHT
1348,26.89616,55.75447,314,CARGO
1349,27.06857,51.12802,null,FISHING
1350,26.87083,50.62213,326,FISHING
1351,25.76264,51.60034,202,YACHT
1352,26.34598,55.56994,19,UNKNOWN
1353,26.2241,50.43639,187,FISHING
1354,26.52446,50.74357,179,YACHT
1355,24.36427,52.67303,null,UNKNOWN
1356,24.66122,53.12855,null,UNKNOWN
1357,24.66122,53.12854,null,UNKNOWN
1358,24.91178,51.65623,null,UNKNOWN
1359,24.91185,51.65613,null,UNKNOWN
1360,24.94517,52.9985,null,UNKNOWN
1361,26.44808,53.09783,131,CARGO
1362,26.36872,53.22967,117,CARGO
1363,25.02985,53.16338,null,UNKNOWN
1364,25.17352,55.11021,null,UNKNOWN
1365,25.9266,54.72007,130,FISHING
1366,25.80101,54.65032,84,FISHING
1367,25.5934,55.48242,41,CARGO
1368,25.66111,55.55495,59,CARGO
1369,26.07751,55.87178,2,CARGO
1370,25.44962,54.28471,282,CARGO
1371,25.94225,52.69137,null,UNKNOWN
1372,26.85377,50.43446,307,FISHING
1373,26.00859,56.07098,356,FISHING
1374,26.05853,56.07358,188,FISHING
1375,25.62527,55.22871,null,CARGO
1376,24.40326,53.08105,null,UNKNOWN
1377,24.40325,53.08095,null,UNKNOWN
1378,24.30236,51.30033,134,UNKNOWN
1379,26.36782,55.51461,244,FISHING
1380,26.28573,50.43135,112,YACHT
1381,26.49483,50.99083,null,UNKNOWN
1382,26.15691,54.62038,176,FISHING
1383,26.13292,54.66138,227,FISHING
1384,26.04837,56.4089,213,YACHT
1385,24.12333,53.20333,null,SUPPORT
1386,24.86899,54.81604,54,SUPPORT
1387,26.79255,50.67056,161,FISHING
1388,24.32451,52.96127,null,UNKNOWN
1389,24.32442,52.96133,null,UNKNOWN
1390,26.17001,50.99203,0,FISHING
1391,25.89525,52.8749,186,SUPPORT
1392,24.34786,53.64915,null,UNKNOWN
1393,24.55873,51.47295,null,FISHING
1394,24.93038,51.78017,null,UNKNOWN
1395,24.93036,51.78011,null,UNKNOWN
1396,26.29027,52.00635,103,SUPPORT
1397,24.14353,53.27846,57,YACHT
1398,26.16565,50.34619,null,YACHT
1399,26.26811,50.57985,140,FISHING
1400,25.47457,51.69054,342,FISHING
1401,24.43262,53.62356,null,UNKNOWN
1402,24.55017,51.64062,42,CARGO
1403,24.38333,51.57833,null,CARGO
1404,26.25084,51.32563,0,UNKNOWN
1405,26.4525,51.63753,330,SUPPORT
1406,24.13992,52.60199,null,UNKNOWN
1407,26.61852,51.60702,203,FISHING
1408,26.00428,50.83891,61,YACHT
1409,26.38528,54.83236,294,FISHING
1410,25.95488,52.54337,292,FISHING
1411,26.65194,50.66483,128,FISHING
1412,25.25454,52.63742,280,UNKNOWN
1413,27.33822,50.50548,136,SUPPORT
1414,26.05658,50.86118,224,YACHT
1415,24.31827,52.69021,null,UNKNOWN
1416,25.65412,56.2703,42,SUPPORT
1417,25.81363,55.7625,359,SUPPORT
1418,25.76413,55.72048,242,CARGO
1419,25.4546,52.37163,6,SUPPORT
1420,27.06813,52.61057,151,YACHT
1421,27.00393,52.65488,130,YACHT
1422,26.64149,50.78823,126,YACHT
1423,26.83417,50.79132,130,FISHING
1424,24.68656,53.27203,null,UNKNOWN
1425,24.68646,53.27193,null,UNKNOWN
1426,26.13354,50.6594,351,FISHING
1427,26.5778,50.89783,14,FISHING
1428,25.86942,52.77945,null,UNKNOWN
1429,26.37615,54.81944,125,FISHING
1430,26.30145,54.85145,336,FISHING
1431,26.68054,56.15161,181,SUPPORT
1432,26.58618,55.88133,228,SUPPORT
1433,24.26917,52.48513,329,SUPPORT
1434,26.02832,50.44652,48,FISHING
1435,24.84359,51.6835,null,UNKNOWN
1436,24.84357,51.68346,null,UNKNOWN
1437,25.92675,50.63152,359,UNKNOWN
1438,26.70378,50.5761,123,FISHING
1439,25.16208,51.6195,47,YACHT
1440,24.52221,53.10049,null,UNKNOWN
1441,24.52213,53.10034,null,UNKNOWN
1442,26.75814,50.41606,64,FISHING
1443,26.99537,50.69932,38,FISHING
1444,26.07115,55.56921,null,UNKNOWN
1445,26.07107,55.56909,null,UNKNOWN
1446,26.46217,50.5033,39,FISHING
1447,24.61226,53.2647,37,SUPPORT
1448,25.14855,53.18737,178,SUPPORT
1449,24.43241,53.67456,null,UNKNOWN
1450,24.20631,52.44894,121,SUPPORT
1451,26.32388,54.40092,0,UNKNOWN
1452,26.81843,55.6959,181,CARGO
1453,26.73466,55.60519,109,CARGO
1454,24.18745,53.60977,null,UNKNOWN
1455,26.36816,54.30424,306,UNKNOWN
1456,26.33608,55.54781,224,FISHING
1457,26.33256,55.55,89,FISHING
1458,25.08704,53.49438,303,SUPPORT
1459,26.1141,50.63285,null,YACHT
1460,25.60982,56.29214,153,SUPPORT
1461,25.53857,56.37751,170,SUPPORT
1462,25.53967,56.37731,330,SUPPORT
1463,26.40613,50.87481,null,UNKNOWN
1464,25.91768,55.84164,47,CARGO
1465,26.73625,50.78642,61,FISHING
1466,26.10254,50.41209,73,YACHT
1467,24.2695,53.37614,null,UNKNOWN
1468,24.3278,53.15271,null,UNKNOWN
1469,25.79116,53.30296,298,SUPPORT
1470,26.89169,50.34452,null,FISHING
1471,25.29187,54.29311,183,SUPPORT
1472,26.23659,50.50087,344,YACHT
1473,25.97475,50.63397,350,FISHING
1474,26.8963,50.95562,120,FISHING
1475,24.38097,53.47414,null,UNKNOWN
1476,24.38093,53.47417,null,UNKNOWN
1477,24.50217,53.47518,null,UNKNOWN
1478,26.70627,50.88279,153,FISHING
1479,24.39808,52.62167,null,UNKNOWN
1480,24.39808,52.62167,null,UNKNOWN
1481,25.81096,55.95043,null,UNKNOWN
1482,26.72868,50.44329,null,FISHING
1483,26.69333,52.29003,232,SUPPORT
1484,24.58132,53.16673,null,UNKNOWN
1485,24.58131,53.16673,null,UNKNOWN
1486,25.46102,50.40315,194,UNKNOWN
1487,24.56986,53.46193,null,UNKNOWN
1488,26.37389,50.91528,53,YACHT
1489,26.40874,50.95833,null,YACHT
1490,25.97266,55.80178,319,SUPPORT
1491,26.24615,55.78105,null,SUPPORT
1492,25.40869,53.90312,116,FISHING
1493,26.09218,51.3585,null,YACHT
1494,26.26857,50.49215,212,FISHING
1495,25.59398,55.41193,32,CARGO
1496,25.83317,55.5821,29,CARGO
1497,25.68895,51.51747,254,YACHT
1498,25.68893,51.51711,null,YACHT
1499,25.54366,55.56096,305,YACHT
1500,26.19921,56.09183,59,YACHT
1501,26.25526,56.22774,121,YACHT
1502,24.45501,52.69451,null,UNKNOWN
1503,25.88778,55.67467,24,CARGO
1504,26.38898,50.48007,151,YACHT
1505,26.82502,50.93795,267,FISHING
1506,26.4254,54.17773,0,UNKNOWN
1507,25.04122,51.75479,null,UNKNOWN
1508,25.04132,51.75472,null,UNKNOWN
1509,26.76404,50.57664,190,FISHING
1510,25.80367,55.60644,35,CARGO
1511,26.19223,56.07141,25,CARGO
1512,26.40994,54.91656,180,SUPPORT
1513,24.16105,52.7527,null,UNKNOWN
1514,26.37251,56.35404,null,UNKNOWN
1515,26.51185,54.72259,311,UNKNOWN
1516,26.04316,50.72042,274,FISHING
1517,26.5206,56.0241,16,CARGO
1518,24.13256,52.99282,43,SUPPORT
1519,26.38142,55.97995,null,UNKNOWN
1520,26.38146,55.9799,null,UNKNOWN
1521,27.05408,50.52592,136,FISHING
1522,26.79587,51.24762,332,FISHING
1523,26.10342,50.45202,165,FISHING
1524,26.13081,52.79949,326,FISHING
1525,26.78068,50.42417,235,FISHING
1526,26.71732,53.92581,null,UNKNOWN
1527,26.83289,50.53232,288,FISHING
1528,25.8058,55.94807,64,FISHING
1529,24.7225,54.58084,150,SUPPORT
1530,24.72272,54.57107,226,SUPPORT
1531,26.66133,50.7366,154,FISHING
1532,26.63985,50.73345,341,FISHING
1533,25.80347,55.61339,57,CARGO
1534,26.44068,56.45387,56,CARGO
1535,26.01579,52.18502,232,UNKNOWN
1536,26.01584,52.18493,184,UNKNOWN
1537,24.26847,53.12061,null,UNKNOWN
1538,26.5367,51.94593,151,SUPPORT
1539,26.10968,54.57724,115,FISHING
1540,26.67232,56.10091,206,SUPPORT
1541,24.57208,54.23288,null,UNKNOWN
1542,26.99004,50.35672,356,FISHING
1543,26.25626,55.7857,248,UNKNOWN
1544,26.25012,55.77206,237,UNKNOWN
1545,26.51724,50.60567,266,FISHING
1546,26.36349,50.77363,null,UNKNOWN
1547,25.76652,54.45844,303,CARGO
1548,25.8717,54.284,308,CARGO
1549,26.98798,50.99304,305,CARGO
1550,26.98807,50.99045,261,CARGO
1551,25.27701,50.52285,null,UNKNOWN
1552,25.27711,50.52294,null,UNKNOWN
1553,26.34356,51.79897,135,FISHING
1554,26.65512,51.00807,30,FISHING
1555,26.68356,51.0101,6,FISHING
1556,16.95016,54.01811,89,CARGO
1557,16.91447,54.25453,286,CARGO
1558,16.94675,54.01613,257,CARGO
1559,16.38126,56.30192,54,TANKER
1560,16.62322,56.66951,57,TANKER
1561,16.94807,54.01299,328,CARGO
1562,16.59833,53.95333,204,CARGO
1563,16.54525,56.02763,224,CARGO
1564,16.33702,55.78483,41,TANKER
1565,16.35868,55.80433,41,TANKER
1566,16.53952,55.95641,219,CARGO
1567,16.21281,55.65217,219,CARGO
1568,16.91112,54.06595,198,CARGO
1569,16.91426,54.06714,355,CARGO
1570,17.08705,55.94795,257,CARGO
1571,16.76109,54.2775,140,CARGO
1572,13.00289,57.175,171,CARGO
1573,16.76812,55.79774,45,CARGO
1574,16.89,55.93,45,CARGO
1575,16.83214,53.95464,215,CARGO
1576,16.90917,54.46531,274,CARGO
1577,16.33252,55.78031,234,CARGO
1578,15.42667,54.44667,237,CARGO
1579,17.24895,55.43718,50,SUPPORT
1580,17.49636,55.515,260,SUPPORT
1581,16.78307,53.90069,216,CARGO
1582,16.72684,53.90792,232,CARGO
1583,17.8705,56.34781,255,CARGO
1584,16.7452,53.83118,224,CARGO
1585,17.71339,56.19819,246,CARGO
1586,16.6701,54.04769,267,CARGO
1587,16.83592,54.86078,56,UNKNOWN
1588,16.82571,54.61722,249,CARGO
1589,16.49775,53.67367,248,CARGO
1590,16.3274,53.77483,48,FISHING
1591,27.01233,56.37867,333,TANKER
1592,26.94624,56.38545,218,TANKER
1593,27.12066,56.1124,76,TANKER
1594,26.77913,56.21124,211,TANKER
1595,26.988,56.33767,0,TANKER
1596,26.98798,56.33772,0,TANKER
1597,27.05671,56.33202,182,CARGO
1598,27.04958,56.22804,103,CARGO
1599,27.05927,56.20823,82,CARGO
1600,27.07726,56.36563,324,CARGO
1601,27.04827,55.97492,0,CARGO
1602,27.04821,55.97495,0,CARGO
1603,26.91594,56.33599,326,TANKER
1604,26.91651,56.33559,164,TANKER
1605,27.05209,55.97979,318,SUPPORT
1606,27.15392,56.26455,344,TANKER
1607,27.15016,56.20304,109,SUPPORT
1608,26.91611,56.71978,337,FISHING
1609,25.95551,56.771,166,TANKER
1610,25.38883,56.58333,47,TANKER
1611,26.55439,56.56534,138,TANKER
1612,25.24405,56.57291,219,TANKER
1613,24.67217,57.73693,13,TANKER
1614,23.83862,58.99273,138,TANKER
1615,25.68465,56.92375,256,TANKER
1616,25.685,56.92361,70,TANKER
1617,25.26998,56.47129,183,TANKER
1618,24.58116,57.81755,303,TANKER
1619,22.46323,61.05097,319,TANKER
1620,25.14567,56.56775,69,TANKER
1621,24.4812,59.86435,107,TANKER
1622,25.65392,57.02823,331,TANKER
1623,25.6539,57.02833,184,TANKER
1624,23.05036,61.93783,330,TANKER
1625,24.87383,57.74892,12,TANKER
1626,21.65167,61.785,133,TANKER
1627,24.20522,58.94341,310,TANKER
1628,24.21959,58.71032,134,TANKER
1629,22.37862,60.79567,132,TANKER
1630,26.49084,56.66423,335,TANKER
1631,25.16876,56.54733,323,TANKER
1632,26.23819,56.72376,153,TANKER
1633,26.13259,56.75541,169,TANKER
1634,23.32583,59.94216,317,TANKER
1635,24.15894,59.27021,319,TANKER
1636,21.90198,62.17355,306,TANKER
1637,22.39518,60.73812,134,TANKER
1638,24.03336,58.82527,135,TANKER
1639,23.53372,59.19211,308,TANKER
1640,23.86879,58.95297,117,TANKER
1641,22.65263,60.39834,137,TANKER
1642,24.50142,58.49089,291,TANKER
1643,24.5108,58.46559,292,TANKER
1644,23.00667,61.40167,104,TANKER
1645,23.65072,58.54697,247,TANKER
1646,21.68416,61.52627,309,TANKER
1647,23.67881,58.44565,168,TANKER
1648,23.6792,58.44352,310,TANKER
1649,25.01018,57.17219,305,TANKER
1650,17.74664,65.26084,32,TANKER
1651,21.81239,61.81203,318,TANKER
1652,23.84852,59.38382,134,TANKER
1653,23.30894,60.03577,130,TANKER
1654,24.62327,57.95787,124,TANKER
1655,22.33267,60.93013,100,TANKER
1656,22.33111,60.93879,99,TANKER
1657,24.68975,58.27109,117,TANKER
1658,24.66294,58.32682,117,TANKER
1659,27.00567,56.38183,331,TANKER
1660,24.57131,58.6661,309,TANKER
1661,25.77745,56.88023,337,TANKER
1662,25.77897,56.8796,345,TANKER
1663,25.19015,56.38395,316,TANKER
1664,24.10295,59.05813,127,TANKER
1665,23.56331,59.69926,132,TANKER
1666,25.35633,56.53233,40,TANKER
1667,23.55247,59.35543,131,CARGO
1668,22.64333,60.465,134,CARGO
1669,24.59054,56.65941,301,CARGO
1670,24.59103,56.65989,301,CARGO
1671,23.92364,58.87051,318,CARGO
1672,24.35552,57.81879,292,CARGO
1673,24.36333,57.79667,293,CARGO
1674,22.92333,60.48167,254,TANKER
1675,26.39199,56.13389,60,TANKER
1676,26.45653,56.61567,150,TANKER
1677,24.55603,59.12615,68,TANKER
1678,24.28813,58.54704,126,TANKER
1679,24.25667,58.59333,125,TANKER
1680,26.94625,56.38549,218,TANKER
1681,24.02933,59.04907,133,TANKER
1682,22.76933,60.35425,155,TANKER
1683,24.39079,58.10294,121,TANKER
1684,23.48898,59.69926,119,TANKER
1685,24.71088,58.64435,290,TANKER
1686,23.81581,59.56753,84,TANKER
1687,23.81593,59.57126,87,TANKER
1688,23.78472,60.3693,296,TANKER
1689,23.78928,60.35925,296,TANKER
1690,21.71,61.56833,317,TANKER
1691,24.63123,57.82889,115,TANKER
1692,24.61122,57.87652,114,TANKER
1693,26.30192,56.77339,323,TANKER
1694,26.33017,56.75285,337,TANKER
1695,25.14649,57.54466,119,TANKER
1696,24.31737,58.40303,305,TANKER
1697,24.7735,57.85273,303,TANKER
1698,24.78702,57.82947,301,TANKER
1699,25.22401,57.53082,138,TANKER
1700,24.33858,58.29453,126,TANKER
1701,22.96723,60.07093,132,TANKER
1702,24.93939,56.74013,196,CARGO
1703,24.92784,56.73641,196,CARGO
1704,25.37774,56.7206,0,TANKER
1705,25.6953,56.72095,0,TANKER
1706,25.1425,56.50092,257,TANKER
1707,24.66441,56.84304,178,TANKER
1708,24.6629,56.84631,93,TANKER
1709,24.45915,59.52753,48,TANKER
1710,24.46554,59.53559,46,TANKER
1711,25.34952,56.56348,16,TANKER
1712,25.20805,57.16309,10,TANKER
1713,24.11703,59.9279,115,TANKER
1714,24.11249,58.63136,123,TANKER
1715,24.01991,58.73133,150,TANKER
1716,26.25263,55.9384,209,TANKER
1717,24.82087,59.3285,103,TANKER
1718,24.47984,60.88581,104,TANKER
1719,24.49691,56.63213,50,TANKER
1720,24.49696,56.63213,50,TANKER
1721,23.70672,59.10238,299,TANKER
1722,26.34475,56.0293,5,TANKER
1723,24.47133,57.48745,116,TANKER
1724,26.60942,56.41299,248,TANKER
1725,25.54391,56.98077,172,TANKER
1726,24.65882,58.43081,297,CARGO
1727,25.60081,56.97569,68,TANKER
1728,24.57515,57.6157,304,TANKER
1729,24.55102,56.66958,38,TANKER
1730,24.55,56.66833,214,TANKER
1731,27.12066,56.11237,91,TANKER
1732,26.78977,56.21848,212,TANKER
1733,26.988,56.33767,0,TANKER
1734,25.03192,56.90422,333,TANKER
1735,25.07431,56.88105,333,TANKER
1736,27.05672,56.33203,163,CARGO
1737,22.45819,60.99582,310,CARGO
1738,27.04948,56.22685,129,CARGO
1739,26.40886,56.60849,159,CARGO
1740,26.31927,56.645,157,CARGO
1741,24.63323,58.1807,110,CARGO
1742,24.62648,58.20063,110,CARGO
1743,26.35189,56.64767,163,CARGO
1744,26.2658,56.67435,165,CARGO
1745,25.97477,56.04941,223,CARGO
1746,25.51473,56.73158,23,CARGO
1747,26.41675,56.73045,330,CARGO
1748,22.90206,61.48651,304,CARGO
1749,23.67455,62.18659,113,TANKER
1750,23.50988,62.58904,113,TANKER
1751,25.79957,56.66885,5,CARGO
1752,26.10086,56.68208,356,CARGO
1753,25.3691,57.02727,322,TANKER
1754,25.16741,56.5884,87,CARGO
1755,25.67039,56.75807,359,CARGO
1756,25.23783,60.6314,186,CARGO
1757,22.86519,59.995,343,CARGO
1758,25.29477,60.60606,168,CARGO
1759,25.29475,60.60608,45,CARGO
1760,25.97465,56.05352,181,CARGO
1761,25.97449,56.05359,185,CARGO
1762,24.59167,56.89833,0,CARGO
1763,24.10677,58.64527,122,TANKER
1764,22.02292,61.21479,310,TANKER
1765,24.12765,61.082,285,TANKER
1766,24.31911,60.24521,284,TANKER
1767,22.55598,59.97073,143,TANKER
1768,27.05922,56.20792,81,CARGO
1769,24.60626,58.11471,230,CARGO
1770,23.17167,59.45633,314,TANKER
1771,24.39776,58.00799,12,TANKER
1772,21.41767,59.74545,204,TANKER
1773,25.35997,56.36778,227,TANKER
1774,25.57066,57.47079,272,CARGO
1775,25.61306,57.33399,291,CARGO
1776,27.07707,56.36577,324,CARGO
1777,27.07667,56.365,325,CARGO
1778,22.78165,61.44421,298,TANKER
1779,26.24848,56.31445,null,CARGO
1780,25.00308,58.65463,113,CARGO
1781,24.58273,59.7086,111,CARGO
1782,24.83593,60.36246,278,TANKER
1783,23.06432,60.19732,343,TANKER
1784,22.67685,59.43655,73,TANKER
1785,25.53508,57.5402,283,CARGO
1786,23.22763,61.176,109,CARGO
1787,22.93833,61.89,116,CARGO
1788,26.55073,56.29447,226,CARGO
1789,23.41279,60.3437,306,CARGO
1790,25.22303,57.79722,125,CARGO
1791,24.82058,58.40791,125,CARGO
1792,23.72383,60.99271,296,CARGO
1793,24.76557,58.39862,125,CARGO
1794,22.21167,61.45667,133,CARGO
1795,26.06658,55.9616,58,CARGO
1796,23.64249,58.56233,24,CARGO
1797,23.54755,61.34218,298,CARGO
1798,26.4817,56.73094,79,CARGO
1799,26.05644,55.94098,282,CARGO
1800,25.24294,56.77473,177,CARGO
1801,25.66892,56.57457,7,CARGO
1802,23.66973,60.09129,125,CARGO
1803,23.63098,60.32409,100,CARGO
1804,25.12083,56.87551,108,CARGO
1805,22.73062,59.82105,140,CARGO
1806,25.72297,57.09819,151,TANKER
1807,22.41495,61.51143,133,TANKER
1808,25.30654,56.62389,29,TANKER
1809,25.43812,56.79303,354,TANKER
1810,25.9863,56.73095,1,TANKER
1811,26.04676,56.73011,357,TANKER
1812,26.45731,56.81419,337,CARGO
1813,26.53038,56.76583,320,CARGO
1814,21.47047,67.56008,290,TANKER
1815,23.58155,61.66872,290,TANKER
1816,24.93114,57.19776,123,CARGO
1817,27.04827,55.97492,0,CARGO
1818,27.04825,55.97495,0,CARGO
1819,25.10383,58.90667,280,CARGO
1820,25.10767,58.88367,280,CARGO
1821,25.23991,56.73268,8,CARGO
1822,25.13889,56.40174,148,TANKER
1823,25.23885,58.51365,103,CARGO
1824,25.10729,59.172,95,CARGO
1825,21.81027,61.52883,135,CARGO
1826,22.9215,60.95847,273,TANKER
1827,23.8738,58.82656,142,TANKER
1828,23.005,59.57667,143,TANKER
1829,24.01867,58.75294,132,TANKER
1830,23.05833,59.86167,132,TANKER
1831,26.31833,56.25,100,TANKER
1832,26.31833,56.25,null,TANKER
1833,24.99123,56.84565,142,TANKER
1834,24.97482,56.86123,134,TANKER
1835,25.17527,57.39116,6,TANKER
1836,24.52163,57.81749,12,TANKER
1837,21.08442,60.24306,179,TANKER
1838,26.53717,56.41397,58,TANKER
1839,24.83245,57.32178,81,TANKER
1840,24.02492,58.88079,313,TANKER
1841,24.68702,56.64091,196,TANKER
1842,24.67183,56.63631,195,TANKER
1843,22.94581,61.35226,96,TANKER
1844,24.80112,57.52097,297,TANKER
1845,23.80314,59.4572,130,TANKER
1846,23.31393,60.07377,130,TANKER
1847,23.30387,59.6813,139,TANKER
1848,21.81673,60.31347,181,TANKER
1849,24.51666,57.78473,303,TANKER
1850,24.60002,56.81328,154,CARGO
1851,24.60002,56.81341,154,CARGO
1852,23.57992,60.92439,107,CARGO
1853,23.39409,61.72718,104,CARGO
1854,24.2459,60.577,286,TANKER
1855,23.25913,61.15325,97,TANKER
1856,24.75,56.84,null,CARGO
1857,22.16438,60.01433,17,TANKER
1858,25.21392,58.12965,104,TANKER
1859,25.18525,58.24711,104,TANKER
1860,24.939,58.21365,118,TANKER
1861,24.15688,59.75288,120,TANKER
1862,24.56277,58.14823,142,CARGO
1863,23.29667,59.30167,140,CARGO
1864,21.77124,59.81364,24,CARGO
1865,22.7809,60.65291,311,CARGO
1866,25.87598,56.89741,41,TANKER
1867,25.20306,57.20864,144,CARGO
1868,25.16601,58.10343,101,CARGO
1869,25.01307,58.62928,95,CARGO
1870,23.82318,62.25943,278,CARGO
1871,23.94081,61.41592,277,CARGO
1872,24.74,57.15633,136,TANKER
1873,24.77497,56.87387,342,CARGO
1874,24.79876,56.8657,342,CARGO
1875,26.51073,56.36614,56,CARGO
1876,24.79605,57.12766,121,TANKER
1877,24.60469,56.64749,156,CARGO
1878,24.60469,56.6475,156,CARGO
1879,21.75533,59.90426,16,CARGO
1880,26.91594,56.33599,326,TANKER
1881,26.91625,56.33583,330,TANKER
1882,24.31515,57.75425,108,TANKER
1883,23.51833,59.25333,145,TANKER
1884,24.33644,58.78289,306,CARGO
1885,25.82728,56.68958,171,CARGO
1886,25.47137,56.63637,257,CARGO
1887,26.04823,56.97274,331,CARGO
1888,26.15333,56.9,327,CARGO
1889,24.61783,56.96666,82,CARGO
1890,23.0093,61.54955,297,TANKER
1891,25.15027,56.77979,276,CARGO
1892,26.3948,56.63365,161,TANKER
1893,26.3585,56.64762,160,TANKER
1894,24.11895,61.23805,106,TANKER
1895,23.8484,62.22163,105,TANKER
1896,25.10444,57.20148,311,CARGO
1897,25.09726,57.19436,206,CARGO
1898,24.6599,58.05733,139,CARGO
1899,25.73278,57.04397,333,CARGO
1900,25.98633,56.92105,337,CARGO
1901,25.65958,56.82659,178,TANKER
1902,25.61547,56.83216,151,TANKER
1903,25.72317,57.08492,151,TANKER
1904,23.68251,58.95365,139,TANKER
1905,25.8477,56.95197,null,TANKER
1906,25.84667,56.95167,204,TANKER
1907,24.71814,57.04549,169,TANKER
1908,26.31435,56.0895,47,CARGO
1909,24.79205,58.86313,101,CARGO
1910,24.76209,59.01013,102,CARGO
1911,24.30823,58.24837,107,TANKER
1912,23.63063,60.16779,116,TANKER
1913,22.10167,61.97333,135,TANKER
1914,25.22681,57.27069,129,CARGO
1915,23.41488,62.93713,104,CARGO
1916,23.825,59.33939,131,CARGO
1917,22.33347,61.13752,129,CARGO
1918,23.77097,58.56091,154,PASSENGER
1919,23.1046,59.46614,139,PASSENGER
1920,21.97765,60.50225,6,TANKER
1921,23.54578,62.04977,70,CARGO
1922,23.55099,62.06438,58,CARGO
1923,26.19171,55.96575,199,TANKER
1924,24.97221,57.49835,355,TANKER
1925,25.01677,57.56035,140,TANKER
1926,25.94444,56.05971,72,CARGO
1927,26.015,55.93833,317,CARGO
1928,26.015,55.93833,237,CARGO
1929,27.05208,55.97974,318,SUPPORT
1930,23.68559,59.11617,148,CARGO
1931,23.62,59.165,143,CARGO
1932,23.92642,58.1776,303,TANKER
1933,23.95507,58.12357,298,TANKER
1934,22.78045,61.77234,315,TANKER
1935,25.49157,56.69567,213,TANKER
1936,25.49227,56.69646,147,TANKER
1937,26.55724,56.54737,141,TANKER
1938,24.10825,58.67545,319,CARGO
1939,22.14242,59.9717,31,CARGO
1940,23.02119,60.52744,320,TANKER
1941,26.43107,56.61559,150,CARGO
1942,25.1438,57.05509,108,CARGO
1943,24.47926,59.59196,290,TANKER
1944,18.16231,66.12382,311,PASSENGER
1945,22.57873,60.78158,310,PASSENGER
1946,24.75418,58.80222,292,TANKER
1947,25.2569,56.76841,337,TANKER
1948,25.85747,56.61712,2,TANKER
1949,22.37388,61.61207,305,TANKER
1950,24.3557,58.07453,328,PASSENGER
1951,24.37341,58.05984,322,PASSENGER
1952,23.60218,62.18081,291,TANKER
1953,24.57167,58.43833,295,TANKER
1954,26.66076,55.9257,257,CARGO
1955,24.91721,57.43069,273,TANKER
1956,24.91667,57.415,268,TANKER
1957,24.34311,58.29672,315,CARGO
1958,25.34983,56.3668,101,SUPPORT
1959,27.1539,56.26455,180,TANKER
1960,24.29029,57.95433,306,PASSENGER
1961,27.15016,56.20304,109,SUPPORT
1962,26.85395,56.24004,224,SUPPORT
1963,25.44229,57.70956,14,SUPPORT
1964,26.40256,56.21348,50,SUPPORT
1965,24.87139,56.67056,175,SUPPORT
1966,24.84833,56.67833,151,SUPPORT
1967,24.7475,56.47228,193,UNKNOWN
1968,25.93948,55.95646,82,SUPPORT
1969,23.85435,57.44167,44,SUPPORT
1970,23.26,58.925,null,SUPPORT
1971,22.60167,59.56167,201,SUPPORT
1972,25.90787,55.99343,218,SUPPORT
1973,26.23005,56.26017,203,UNKNOWN
1974,26.20872,56.24535,16,UNKNOWN
1975,26.24196,56.52031,187,UNKNOWN
1976,25.93761,56.43142,326,UNKNOWN
1977,24.63833,61.16333,null,SUPPORT
1978,23.82167,57.52333,null,SUPPORT
1979,24.67656,60.93173,32,UNKNOWN
1980,24.80614,60.89357,47,UNKNOWN
1981,25.04493,62.05093,266,FISHING
1982,23.51314,59.40329,318,CARGO
1983,23.63921,58.50842,14,SUPPORT
1984,23.71975,57.9781,193,SUPPORT
1985,23.72238,57.98013,14,SUPPORT
1986,24.41338,62.03817,329,UNKNOWN
1987,24.84796,60.15765,97,FISHING
1988,25.22943,60.50209,109,FISHING
1989,25.89549,57.20561,185,PASSENGER
1990,25.29916,60.43457,0,UNKNOWN
1991,25.47129,57.50305,236,CARGO
1992,25.60982,56.29214,153,SUPPORT
1993,25.53857,56.37751,170,SUPPORT
1994,25.53967,56.37731,330,SUPPORT
1995,23.63153,58.26945,183,YACHT
1996,24.09569,60.06626,182,YACHT
1997,26.55659,56.79469,161,CARGO
1998,26.68054,56.15161,181,SUPPORT
1999,25.36032,59.5275,106,FISHING
2000,23.56186,58.82619,315,CARGO
2001,24.82386,60.78694,192,UNKNOWN
2002,25.64759,57.76497,69,CARGO
2003,24.73034,60.71249,61,UNKNOWN
2004,25.81096,55.95043,null,UNKNOWN
2005,24.48027,62.19907,12,FISHING
2006,24.88016,60.49451,130,FISHING
2007,24.98304,60.28942,210,UNKNOWN
2008,25.33735,59.26706,16,FISHING
2009,24.69409,61.30738,203,FISHING
2010,26.19921,56.09183,59,YACHT
2011,26.25526,56.22774,121,YACHT
2012,24.85766,60.31462,101,UNKNOWN
2013,25.00791,59.28265,252,UNKNOWN
2014,24.95128,59.84924,354,UNKNOWN
2015,25.62801,57.71666,152,CARGO
2016,24.2254,58.23889,318,CARGO
2017,22.53313,59.79839,null,UNKNOWN
2018,25.61226,57.58924,113,FISHING
2019,26.91611,56.71978,337,FISHING
2020,22.84766,59.60103,125,CARGO
2021,25.14835,61.17389,6,UNKNOWN
2022,24.88545,58.76043,299,FISHING
2023,24.91147,59.63688,244,UNKNOWN
2024,24.77312,60.25248,82,UNKNOWN
2025,26.00859,56.07098,356,FISHING
2026,26.05853,56.07358,188,FISHING
2027,24.88268,57.08377,53,SUPPORT
2028,24.66493,60.96756,167,FISHING
2029,25.31958,56.91785,203,FISHING
2030,25.3401,56.90986,321,FISHING
2031,24.73022,61.11497,102,UNKNOWN
2032,23.16507,60.04494,308,YACHT
2033,26.08119,56.89311,309,FISHING
2034,26.04837,56.4089,213,YACHT
2035,24.40992,61.94098,326,UNKNOWN
2036,24.08576,58.75466,134,CARGO
2037,23.60085,59.29408,135,CARGO
2038,24.95644,57.80397,133,FISHING
2039,25.31101,58.57113,109,CARGO
2040,24.4561,62.06883,60,FISHING
2041,25.72935,57.39429,338,FISHING
2042,25.564,56.91225,323,FISHING
2043,24.39144,58.38451,72,CARGO
2044,22.05029,61.27367,177,FISHING
2045,25.03973,61.42999,18,FISHING
2046,22.29542,61.27837,10,FISHING
2047,25.93941,57.14394,325,UNKNOWN
2048,24.95827,59.94215,270,UNKNOWN
2049,24.91155,60.10266,99,FISHING
2050,24.85447,60.1882,279,FISHING
2051,25.06934,61.41934,278,SUPPORT
2052,26.5195,57.03336,211,UNKNOWN
2053,24.89287,59.65963,338,FISHING
2054,25.65412,56.2703,42,SUPPORT
2055,23.6961,58.64801,299,CARGO
2056,24.90689,60.40594,14,FISHING
2057,25.00735,62.15885,89,UNKNOWN
2058,25.34381,59.66602,68,FISHING
2059,25.80367,55.60644,35,CARGO
2060,26.19223,56.07141,25,CARGO
2061,25.37991,56.8951,344,UNKNOWN
2062,26.37251,56.35404,null,UNKNOWN
2063,24.826,60.14629,129,CARGO
2064,26.14564,57.1475,111,FISHING
2065,26.5206,56.0241,16,CARGO
2066,25.35578,60.43379,161,FISHING
2067,25.38733,58.66567,123,FISHING
2068,24.99523,61.55453,197,UNKNOWN
2069,26.38142,55.97995,null,UNKNOWN
2070,26.38146,55.9799,null,UNKNOWN
2071,25.8058,55.94807,64,FISHING
2072,25.29934,57.01765,16,SUPPORT
2073,24.12833,57.37,180,SUPPORT
2074,26.4204,56.87107,7,FISHING
2075,26.42454,56.85287,310,FISHING
2076,25.80347,55.61339,57,CARGO
2077,26.44068,56.45387,56,CARGO
2078,24.86849,60.61271,63,FISHING
2079,24.42628,62.1394,324,FISHING
2080,25.96357,57.13479,319,FISHING
2081,25.32699,59.58961,125,UNKNOWN
2082,23.51574,58.72602,114,YACHT
2083,24.98049,60.17226,89,UNKNOWN
2084,25.56133,58.48466,null,UNKNOWN
2085,24.92378,60.03589,4,FISHING
2086,26.67232,56.10091,206,SUPPORT
2087,20.08255,59.87021,10,CARGO
2088,19.67,57.71,144,CARGO
2089,24.87383,57.74892,12,TANKER
2090,21.61837,61.82424,134,TANKER
2091,21.90198,62.17355,306,TANKER
2092,21.69567,61.51256,310,TANKER
2093,17.74664,65.26084,32,TANKER
2094,21.8397,61.78612,318,TANKER
2095,16.08762,57.34375,32,CARGO
2096,16.51156,57.62432,31,CARGO
2097,17.74576,60.32295,62,TANKER
2098,16.50845,61.45727,78,TANKER
2099,18.06833,57.89833,231,CARGO
2100,16.38126,56.30192,54,TANKER
2101,16.62322,56.66951,57,TANKER
2102,19.91833,58.08,273,TANKER
2103,18.39267,58.08883,200,TANKER
2104,17.19246,58.73009,352,TANKER
2105,17.07325,56.66392,222,TANKER
2106,18.97667,58.90667,209,TANKER
2107,15.96493,55.8987,65,TANKER
2108,17.18333,58.445,59,TANKER
2109,17.07115,57.70825,214,TANKER
2110,16.9693,65.22752,317,TANKER
2111,20.63758,61.7949,318,TANKER
2112,18.28167,59.38833,14,TANKER
2113,21.29555,59.64837,21,CARGO
2114,16.54525,56.02763,224,CARGO
2115,22.03447,61.2001,311,TANKER
2116,15.5076,54.94632,53,TANKER
2117,16.96952,57.25339,56,TANKER
2118,24.39776,58.00799,12,TANKER
2119,21.40111,59.7375,204,TANKER
2120,16.53952,55.95641,219,CARGO
2121,16.21281,55.65217,219,CARGO
2122,24.76557,58.39862,125,CARGO
2123,22.21167,61.45667,133,CARGO
2124,17.17106,56.80147,228,CARGO
2125,17.03097,56.62309,230,CARGO
2126,18.36077,60.91753,244,CARGO
2127,19.12963,65.48073,25,CARGO
2128,18.32144,61.71656,257,CARGO
2129,18.71848,65.13003,31,TANKER
2130,21.30371,62.09281,310,TANKER
2131,17.75667,56.915,222,CARGO
2132,16.7583,59.62451,9,TANKER
2133,18.91446,58.23507,211,TANKER
2134,16.44852,56.97949,248,TANKER
2135,16.24357,56.52434,244,TANKER
2136,21.80054,61.53941,134,CARGO
2137,17.42833,57.68333,216,TANKER
2138,17.80743,58.65091,25,TANKER
2139,19.655,60.685,186,TANKER
2140,24.52163,57.81749,12,TANKER
2141,21.05363,60.24349,179,TANKER
2142,23.30387,59.6813,139,TANKER
2143,21.76293,60.31219,181,TANKER
2144,21.4749,60.04679,357,TANKER
2145,22.16438,60.01433,17,TANKER
2146,21.79584,59.82541,24,CARGO
2147,17.08705,55.94795,257,CARGO
2148,17.73574,56.82558,221,CARGO
2149,21.80092,59.91885,16,CARGO
2150,17.86333,57.09167,42,TANKER
2151,19.77333,58.26833,267,TANKER
2152,19.7119,57.88199,275,CARGO
2153,17.03025,56.91777,51,CARGO
2154,19.75555,60.39967,50,CARGO
2155,16.43624,59.06514,259,CARGO
2156,17.00738,57.57265,45,TANKER
2157,17.115,58.21333,243,CARGO
2158,19.03953,59.5232,196,TANKER
2159,16.76812,55.79774,45,CARGO
2160,16.89,55.93,45,CARGO
2161,23.63063,60.16779,116,TANKER
2162,22.07629,62.0024,135,TANKER
2163,22.0015,60.50511,6,TANKER
2164,22.14242,59.9717,31,CARGO
2165,19.75319,58.6301,206,CARGO
2166,19.66333,58.19167,167,FISHING
2167,20.25642,58.95737,216,FISHING
2168,20.27744,58.93513,218,FISHING
2169,20.65993,58.86863,152,SUPPORT
2170,20.74333,58.75,null,SUPPORT
2171,19.34958,58.48875,219,SUPPORT
2172,19.35217,58.10108,15,PASSENGER
2173,19.74284,57.76771,49,SUPPORT
2174,18.9854,58.33025,89,SUPPORT
2175,17.97993,58.22397,23,PASSENGER
2176,17.48439,61.07664,278,FISHING
2177,18.03175,62.1146,124,UNKNOWN
2178,19.47667,57.765,null,FISHING
2179,20.2285,58.32304,68,FISHING
2180,18.64595,61.5337,200,FISHING
2181,17.1471,61.77906,237,UNKNOWN
2182,20.72048,59.03028,46,FISHING
2183,19.59447,57.93857,212,FISHING
2184,20.96777,62.02789,342,SUPPORT
2185,17.71339,56.19819,246,CARGO
2186,17.99784,61.3574,121,FISHING
2187,16.91825,62.11364,224,FISHING
2188,18.54915,57.94587,240,CARGO
2189,20.52436,59.97843,180,FISHING
2190,20.7386,59.05428,231,FISHING
2191,19.53605,59.2068,280,FISHING
2192,18.99968,59.6268,177,FISHING
2193,16.79345,56.81341,237,FISHING
2194,16.98795,60.49397,5,FISHING
2195,17.9028,61.78141,218,FISHING
2196,17.00672,62.04276,214,UNKNOWN
2197,18.20645,61.56583,115,FISHING
2198,17.8705,56.34781,255,CARGO
2199,18.34708,61.83613,145,FISHING
2200,19.44655,57.75783,160,FISHING
2201,16.81578,61.95824,241,FISHING
2202,18.80897,62.05168,192,UNKNOWN
2203,20.12266,60.82846,125,FISHING
2204,17.66465,57.18242,228,CARGO
2205,19.11613,59.15305,241,YACHT
2206,17.95901,61.27273,350,UNKNOWN
2207,18.68135,57.75214,240,CARGO
2208,19.84576,60.61743,181,FISHING
2209,17.23684,61.8374,281,UNKNOWN
2210,22.00087,61.27449,194,FISHING
2211,19.46963,57.74501,290,FISHING
2212,19.50553,59.3839,279,FISHING
2213,17.26851,61.98084,75,FISHING
2214,19.68208,61.0281,234,CARGO
2215,16.48434,61.8378,92,FISHING
2216,18.85548,62.07247,220,CARGO
2217,18.02817,62.18672,125,UNKNOWN
2218,16.43176,62.03141,201,FISHING
2219,21.39609,60.90191,158,FISHING
2220,19.08009,59.88711,7,FISHING
2221,19.43678,58.34814,222,SUPPORT
2222,16.38745,60.85725,166,UNKNOWN
2223,20.75224,59.02708,236,FISHING
2224,20.70383,60.3088,198,FISHING
2225,18.68799,57.57253,235,CARGO
2226,23.05036,61.93783,330,TANKER
2227,21.90198,62.17355,306,TANKER
2228,22.18,66.63667,105,TANKER
2229,17.74664,65.26084,32,TANKER
2230,21.8397,61.78612,318,TANKER
2231,22.48436,67.51216,104,TANKER
2232,22.73824,69.69724,294,CARGO
2233,21.86191,67.82785,244,CARGO
2234,23.75633,64.31226,78,TANKER
2235,24.76382,67.32478,262,CARGO
2236,24.76383,67.32471,86,CARGO
2237,23.4966,64.31385,281,CARGO
2238,24.43284,66.93863,15,CARGO
2239,24.43291,66.93858,58,CARGO
2240,22.68194,69.84155,238,CARGO
2241,23.06766,66.31181,271,CARGO
2242,23.41127,65.56927,52,CARGO
2243,24.788,66.75827,200,TANKER
2244,24.322,66.95667,199,CARGO
2245,21.955,68.03333,117,CARGO
2246,24.86797,66.60336,null,CARGO
2247,23.42469,63.03291,104,CARGO
2248,24.43682,65.63797,84,TANKER
2249,24.43779,65.64989,84,TANKER
2250,23.65198,65.47921,46,CARGO
2251,22.47295,65.22733,113,TANKER
2252,20.95283,68.53619,289,CARGO
2253,22.41333,64.91,294,CARGO
2254,21.69106,62.37839,134,CARGO
2255,23.67455,62.18659,113,TANKER
2256,23.50988,62.58904,113,TANKER
2257,22.44,63.72667,108,TANKER
2258,22.13791,64.92999,109,CARGO
2259,24.6174,66.75464,162,TANKER
2260,24.61648,66.75487,161,TANKER
2261,24.53732,66.96093,191,TANKER
2262,23.07257,62.35395,131,TANKER
2263,21.97667,62.225,108,TANKER
2264,23.09268,62.50827,349,TANKER
2265,24.55363,66.98714,327,TANKER
2266,24.65865,66.89172,208,TANKER
2267,24.80611,66.98563,202,CARGO
2268,23.40276,67.15312,166,CARGO
2269,23.33526,67.2338,96,CARGO
2270,23.22763,61.176,109,CARGO
2271,22.9361,61.89764,116,CARGO
2272,24.51739,66.93073,160,CARGO
2273,22.67905,69.85903,242,CARGO
2274,21.89912,66.75503,251,CARGO
2275,24.65131,63.39723,271,CARGO
2276,24.65491,62.40579,267,CARGO
2277,20.64487,68.80203,297,CARGO
2278,22.54816,64.47006,293,CARGO
2279,25.11211,62.34129,7,CARGO
2280,25.72297,57.09819,151,TANKER
2281,22.37869,61.55327,133,TANKER
2282,21.47047,67.56008,290,TANKER
2283,23.61748,61.56053,288,TANKER
2284,22.87208,63.41422,277,TANKER
2285,23.7131,67.14925,180,CARGO
2286,23.68505,67.14913,180,CARGO
2287,24.40532,63.23577,87,TANKER
2288,24.40689,63.39342,90,TANKER
2289,24.64003,62.49357,92,TANKER
2290,24.62966,62.74103,92,TANKER
2291,23.57992,60.92439,107,CARGO
2292,23.38401,61.77013,105,CARGO
2293,22.55006,62.52845,122,TANKER
2294,22.135,63.61167,302,TANKER
2295,23.76549,67.30614,127,CARGO
2296,23.53523,67.59924,129,CARGO
2297,23.82318,62.25943,278,CARGO
2298,23.9437,61.39711,280,CARGO
2299,23.90265,65.57789,270,CARGO
2300,23.90318,64.88284,270,CARGO
2301,23.16411,64.57166,280,TANKER
2302,23.77302,66.92205,175,TANKER
2303,21.65167,67.49167,143,TANKER
2304,20.82439,69.06123,292,CARGO
2305,22.39244,64.99639,291,CARGO
2306,23.9266,66.09982,115,CARGO
2307,20.57897,67.44611,296,CARGO
2308,22.61958,62.76105,295,CARGO
2309,22.27865,64.79374,107,CARGO
2310,21.855,64.11667,114,TANKER
2311,24.11895,61.23805,106,TANKER
2312,23.84072,62.25041,106,TANKER
2313,22.39999,68.41209,270,TANKER
2314,23.2143,63.97219,282,TANKER
2315,23.40097,64.60889,281,TANKER
2316,23.4026,64.60025,280,TANKER
2317,24.72307,65.93771,270,CARGO
2318,24.69157,63.67433,92,TANKER
2319,24.67525,63.8781,91,TANKER
2320,22.77378,63.48439,112,TANKER
2321,23.63063,60.16779,116,TANKER
2322,22.07629,62.0024,135,TANKER
2323,23.54578,62.04977,70,CARGO
2324,23.55311,62.06803,62,CARGO
2325,24.63657,66.94799,226,TANKER
2326,23.94,63.46667,284,CARGO
2327,22.69379,64.04833,289,CARGO
2328,23.09875,63.42207,110,TANKER
2329,22.91624,70.20702,234,CARGO
2330,23.41,65.98333,284,CARGO
2331,22.80797,61.7424,315,TANKER
2332,24.04111,63.38056,284,CARGO
2333,20.82273,68.17496,292,TANKER
2334,22.37903,64.33126,289,TANKER
2335,20.45155,69.30827,313,TANKER
2336,22.18556,67.13943,294,TANKER
2337,25.11976,62.36894,184,SUPPORT
2338,23.93252,65.79061,41,SUPPORT
2339,24.91614,66.67161,null,SUPPORT
2340,23.73879,63.05055,131,SUPPORT
2341,24.76544,64.22491,279,FISHING
2342,25.01311,64.7405,157,FISHING
2343,25.15095,62.79622,26,UNKNOWN
2344,24.4841,62.38491,313,UNKNOWN
2345,25.13136,65.01176,305,FISHING
2346,24.79752,67.2168,79,YACHT
2347,25.33922,65.72527,56,UNKNOWN
2348,24.77263,62.87763,102,UNKNOWN
2349,24.41991,66.70033,306,FISHING
2350,24.96654,66.33952,0,UNKNOWN
2351,24.61657,63.69475,113,UNKNOWN
2352,24.48178,62.07019,349,UNKNOWN
2353,24.84608,64.54203,212,UNKNOWN
2354,24.82771,64.10639,13,FISHING
2355,24.6497,63.8063,158,FISHING
2356,22.82716,66.70863,181,UNKNOWN
2357,24.67533,64.39707,271,FISHING
2358,24.79305,65.437,78,FISHING
2359,24.77855,67.35282,248,UNKNOWN
2360,25.04493,62.05093,266,FISHING
2361,24.73468,64.06919,350,FISHING
2362,24.95868,64.59248,220,UNKNOWN
2363,25.01635,63.50857,246,UNKNOWN
2364,24.90982,63.91909,40,UNKNOWN
2365,24.71102,63.82992,104,UNKNOWN
2366,24.72186,62.80076,29,FISHING
2367,25.02464,64.24827,116,FISHING
2368,22.17061,63.25712,276,CARGO
2369,24.8393,64.02616,175,UNKNOWN
2370,25.0099,64.94972,104,FISHING
2371,21.67978,63.24729,148,FISHING
2372,24.98119,66.10105,75,FISHING
2373,24.5333,66.285,164,UNKNOWN
2374,24.41338,62.03817,329,UNKNOWN
2375,24.95264,64.46212,0,FISHING
2376,24.59968,62.8891,31,FISHING
2377,24.74115,63.00774,70,FISHING
2378,24.88883,65.41806,112,UNKNOWN
2379,25.16154,63.67084,160,UNKNOWN
2380,25.07236,64.72213,162,UNKNOWN
2381,24.80299,63.19157,77,UNKNOWN
2382,24.79941,63.39482,91,FISHING
2383,23.64417,62.19427,270,YACHT
2384,24.91259,64.53287,160,UNKNOWN
2385,24.79143,63.84659,18,UNKNOWN
2386,25.09654,65.84723,238,FISHING
2387,24.67382,62.53517,69,UNKNOWN
2388,24.40002,66.60332,59,UNKNOWN
2389,25.23181,66.19069,272,FISHING
2390,24.81602,66.2421,106,UNKNOWN
2391,24.48027,62.19907,12,FISHING
2392,25.09929,62.51268,58,UNKNOWN
2393,23.43016,63.99711,276,YACHT
2394,24.75527,66.4982,1,FISHING
2395,24.80293,64.31813,278,UNKNOWN
2396,22.83883,66.86971,230,FISHING
2397,22.21814,63.18564,273,CARGO
2398,24.73388,65.41936,55,FISHING
2399,22.96109,66.42997,155,UNKNOWN
2400,25.06169,62.69527,257,UNKNOWN
2401,24.4962,66.67324,320,UNKNOWN
2402,22.91072,66.35912,309,UNKNOWN
2403,24.74665,64.29109,268,FISHING
2404,24.89094,63.98663,20,FISHING
2405,24.42628,62.1394,324,FISHING
2406,25.00735,62.15885,89,UNKNOWN
2407,24.9422,66.16634,230,FISHING
2408,24.40992,61.94098,326,UNKNOWN
2409,24.59503,62.79494,51,UNKNOWN
2410,22.66053,65.50766,97,YACHT
2411,24.85344,64.5527,170,UNKNOWN
2412,24.88566,62.24946,67,FISHING
2413,24.79081,63.26815,153,FISHING
2414,24.7067,65.76165,53,FISHING
2415,24.91061,64.34622,290,FISHING
2416,24.57851,63.06393,291,FISHING
2417,25.09263,64.83444,25,FISHING
2418,24.966,65.78068,275,CARGO
2419,25.02438,64.0002,228,CARGO
2420,24.98591,64.31161,135,FISHING
2421,25.09667,66.13817,151,FISHING
2422,25.13955,64.92004,167,UNKNOWN
2423,24.59709,63.29431,13,UNKNOWN
2424,22.84316,62.42083,149,UNKNOWN
2425,24.99654,63.69051,28,FISHING
2426,24.59387,62.46725,169,UNKNOWN
2427,24.73656,62.34897,320,UNKNOWN
2428,24.90884,64.38478,233,UNKNOWN
2429,25.245,66.11052,177,UNKNOWN
2430,24.58689,65.77047,110,UNKNOWN
2431,23.10883,66.10718,288,UNKNOWN
2432,25.2492,65.09395,129,FISHING
2433,24.96125,64.38594,78,UNKNOWN
2434,24.59342,62.63755,127,FISHING
2435,24.56428,66.35922,174,YACHT
2436,24.99115,63.59767,89,UNKNOWN
2437,23.37892,66.5151,305,FISHING
2438,24.78238,66.40926,131,FISHING
2439,25.07182,64.60397,0,UNKNOWN
2440,24.72514,63.95589,266,UNKNOWN
2441,24.32909,66.33603,149,FISHING
2442,24.8856,64.10416,118,FISHING
2443,24.75509,66.92932,258,FISHING
2444,24.99523,61.55453,197,UNKNOWN
2445,25.03898,65.04944,151,FISHING
2446,24.89404,63.42237,86,FISHING
2447,24.4784,62.81293,102,UNKNOWN
2448,22.82795,66.75256,235,UNKNOWN
2449,25.10583,64.00638,121,FISHING
2450,24.87343,66.31374,41,FISHING
2451,18.93167,63.94667,143,TANKER
2452,16.922,67.57045,133,TANKER
2453,16.58515,67.91158,131,TANKER
2454,19.62389,63.82997,145,TANKER
2455,18.03809,66.17927,310,TANKER
2456,21.04249,62.54019,309,TANKER
2457,17.00019,67.21108,132,TANKER
2458,17.98557,64.72871,140,TANKER
2459,15.4701,69.11584,316,TANKER
2460,16.78,67.72833,314,TANKER
2461,24.87383,57.74892,12,TANKER
2462,21.60417,61.84015,133,TANKER
2463,15.66717,67.07778,321,TANKER
2464,16.85513,66.09228,322,TANKER
2465,21.90198,62.17355,306,TANKER
2466,22.16667,66.69833,103,TANKER
2467,18.20584,66.97605,127,TANKER
2468,17.13121,67.10033,312,TANKER
2469,18.70333,65.31167,313,TANKER
2470,19.29967,64.41868,131,TANKER
2471,17.74664,65.26084,32,TANKER
2472,21.89709,61.73877,328,TANKER
2473,20.11922,62.65205,138,TANKER
2474,20.74097,62.33351,133,TANKER
2475,16.57674,65.99551,317,TANKER
2476,17.77444,64.91538,322,TANKER
2477,19.23738,63.89469,323,TANKER
2478,20.5729,63.33376,73,CARGO
2479,22.64375,69.05241,264,TANKER
2480,21.095,67.02167,61,TANKER
2481,17.85286,65.32549,320,TANKER
2482,21.13124,62.47326,321,TANKER
2483,16.12403,66.74982,320,TANKER
2484,17.07869,65.92877,321,TANKER
2485,20.28167,65.69833,60,TANKER
2486,22.73824,69.69724,294,CARGO
2487,21.84806,67.79695,244,CARGO
2488,21.57028,67.19319,242,TANKER
2489,19.231,62.44277,237,TANKER
2490,22.61026,69.8252,335,TANKER
2491,21.335,67.73167,229,TANKER
2492,19.52597,64.0187,124,CARGO
2493,18.85167,62.79833,58,TANKER
2494,16.47638,67.77812,132,TANKER
2495,15.50396,68.84744,131,TANKER
2496,16.9693,65.22752,317,TANKER
2497,20.675,61.75834,319,TANKER
2498,17.78167,64.82833,137,TANKER
2499,18.56238,66.31035,141,CARGO
2500,17.26561,67.45045,135,CARGO
2501,17.10913,67.14988,90,CARGO
2502,21.66833,62.40167,134,CARGO
2503,22.13791,64.92999,109,CARGO
2504,16.08525,66.38368,318,CARGO
2505,18.84917,63.79475,319,CARGO
2506,22.29923,68.7786,201,TANKER
2507,20.36908,65.19254,242,TANKER
2508,19.10496,66.09875,311,TANKER
2509,20.18044,64.6581,153,TANKER
2510,21.97667,62.225,108,TANKER
2511,18.1887,65.23186,14,TANKER
2512,14.81333,67.88167,142,TANKER
2513,16.82349,67.34459,313,TANKER
2514,19.62,64.215,314,TANKER
2515,18.79393,65.17785,14,TANKER
2516,16.06621,67.25813,146,TANKER
2517,18.36813,65.55534,13,TANKER
2518,18.96086,65.12814,31,TANKER
2519,20.36599,63.62144,309,TANKER
2520,14.9661,67.07321,313,TANKER
2521,16.35807,65.49924,313,TANKER
2522,22.67905,69.85903,242,CARGO
2523,21.89912,66.75503,251,CARGO
2524,16.52332,67.71381,130,CARGO
2525,15.90261,68.41469,133,CARGO
2526,17.71671,62.40261,75,CARGO
2527,19.12963,65.48073,25,CARGO
2528,18.31802,61.69969,258,CARGO
2529,18.50774,63.92685,224,CARGO
2530,19.61146,63.60364,321,TANKER
2531,17.05,65.99,140,TANKER
2532,18.71848,65.13003,31,TANKER
2533,21.30699,62.08868,309,TANKER
2534,17.08943,67.29303,312,TANKER
2535,18.33083,65.91625,313,TANKER
2536,17.68167,64.71,84,CARGO
2537,16.9145,66.50017,253,CARGO
2538,15.52517,61.89917,253,CARGO
2539,18.54866,64.21534,140,TANKER
2540,21.47047,67.56008,290,TANKER
2541,23.62378,61.5394,287,TANKER
2542,16.55039,66.42016,142,TANKER
2543,15.71307,68.50958,310,TANKER
2544,16.48333,67.615,312,TANKER
2545,21.78392,61.55776,131,CARGO
2546,17.12745,65.28783,198,TANKER
2547,18.07149,65.90289,312,TANKER
2548,21.00251,62.42669,311,TANKER
2549,19.1987,64.76398,130,TANKER
2550,19.18305,66.75813,36,TANKER
2551,16.48613,66.68143,321,TANKER
2552,17.29247,66.01791,320,TANKER
2553,20.03833,63.68,132,TANKER
2554,16.6956,66.86,140,TANKER
2555,13.78527,69.02788,144,TANKER
2556,16.99415,65.31243,209,TANKER
2557,13.89637,63.38899,211,TANKER
2558,18.76448,65.34288,31,TANKER
2559,21.32622,62.51537,312,TANKER
2560,20.92464,62.96413,127,CARGO
2561,19.439,64.46467,143,CARGO
2562,16.76426,67.39437,311,CARGO
2563,17.625,66.39,310,CARGO
2564,17.2375,65.09983,139,CARGO
2565,22.135,63.61167,302,TANKER
2566,16.46806,67.74487,132,CARGO
2567,13.58167,70.96333,130,CARGO
2568,18.947,64.25598,141,CARGO
2569,23.77302,66.92205,175,TANKER
2570,21.63333,67.50667,143,TANKER
2571,15.83164,66.99627,317,TANKER
2572,18.81833,64.3262,318,TANKER
2573,15.74746,68.69485,310,CARGO
2574,18.96403,65.117,317,CARGO
2575,17.67333,65.60833,318,CARGO
2576,17.59833,67.40833,79,TANKER
2577,16.9869,65.11436,34,CARGO
2578,20.14385,67.36813,28,CARGO
2579,20.99406,66.83045,119,CARGO
2580,22.20513,68.429,239,CARGO
2581,20.26123,63.61271,245,CARGO
2582,20.57897,67.44611,296,CARGO
2583,22.61958,62.76105,295,CARGO
2584,20.01135,68.96715,296,CARGO
2585,20.80543,67.34853,296,CARGO
2586,16.61765,67.55534,133,CARGO
2587,15.34,68.99333,132,CARGO
2588,21.83833,64.15667,114,TANKER
2589,18.37945,65.93545,14,CARGO
2590,15.10667,68.25166,145,CARGO
2591,18.54989,66.73403,126,CARGO
2592,15.81044,68.73378,151,CARGO
2593,22.67843,69.0684,301,CARGO
2594,20.43261,64.08857,243,CARGO
2595,18.12847,67.55983,312,CARGO
2596,20.05035,65.20744,306,CARGO
2597,16.58667,66.095,141,TANKER
2598,16.96808,65.65546,139,TANKER
2599,23.63063,60.16779,116,TANKER
2600,22.03833,62.04,135,TANKER
2601,17.7,65.285,139,CARGO
2602,19.62286,68.99377,243,TANKER
2603,19.01,67.64667,245,TANKER
2604,18.59,63.97333,320,TANKER
2605,17.85667,67.64333,128,TANKER
2606,17.45639,65.16533,31,TANKER
2607,20.19019,62.6186,317,TANKER
2608,18.16231,66.12382,311,PASSENGER
2609,22.65209,60.68831,310,PASSENGER
2610,18.87973,64.17838,132,FISHING
2611,16.70732,63.56843,197,CARGO
2612,18.88005,65.08332,132,TANKER
2613,21.2946,63.02452,134,TANKER
2614,18.6743,67.78339,302,TANKER
2615,20.05167,65.515,null,TANKER
2616,19.40333,63.735,346,FISHING
2617,20.45155,69.30827,313,TANKER
2618,22.18556,67.13943,294,TANKER
2619,17.947,67.98663,312,CARGO
2620,18.66184,67.18834,314,CARGO
2621,20.48833,62.70167,312,TANKER
2622,19.45526,66.64335,76,CARGO
2623,19.34222,66.67705,91,CARGO
2624,18.85755,65.23001,7,TANKER
2625,19.41667,66.34644,52,TANKER
2626,19.13333,63.49833,null,FISHING
2627,19.175,63.68333,55,FISHING
2628,19.10167,63.66833,168,FISHING
2629,19.07645,64.13158,172,FISHING
2630,19.67,63.84167,151,FISHING
2631,19.65,63.41167,71,FISHING
2632,18.68833,64.65334,123,FISHING
2633,19.24299,65.15604,40,FISHING
2634,18.5,63.78333,33,FISHING
2635,18.97833,62.48833,257,FISHING
2636,21.06,63.51,60,FISHING
2637,19.435,62.68,336,FISHING
2638,19.57322,62.72887,127,FISHING
2639,21.06,63.40333,237,FISHING
2640,19.5041,63.55085,141,FISHING
2641,19.47667,63.65833,125,FISHING
2642,21.075,63.93333,93,FISHING
2643,16.9375,62.90799,290,FISHING
2644,18.7337,64.47031,106,FISHING
2645,19.52944,63.76609,165,FISHING
2646,19.68253,62.69225,147,FISHING
2647,19.285,64.955,null,FISHING
2648,19.06526,64.89056,28,FISHING
2649,18.635,63.52667,null,FISHING
2650,18.51833,63.57333,218,FISHING
2651,17.27554,67.61742,24,FISHING
2652,17.6271,62.57571,89,UNKNOWN
2653,20.41365,62.44853,168,UNKNOWN
2654,18.04081,65.08312,117,FISHING
2655,20.2857,63.30116,15,CARGO
2656,20.06927,62.58205,171,FISHING
2657,18.79207,64.6944,98,FISHING
2658,17.1471,61.77906,237,UNKNOWN
2659,19.14509,65.69749,7,FISHING
2660,19.22833,65.72667,null,FISHING
2661,16.55826,61.86356,0,UNKNOWN
2662,21.08477,63.68105,86,FISHING
2663,19.24988,63.6254,343,FISHING
2664,18.03175,62.1146,124,UNKNOWN
2665,19.45747,66.12409,52,CARGO
2666,19.55836,66.28436,91,CARGO
2667,18.34708,61.83613,145,FISHING
2668,19.4714,63.21185,162,FISHING
2669,20.99432,63.40357,122,FISHING
2670,22.21814,63.18564,273,CARGO
2671,16.4877,61.86735,87,FISHING
2672,19.42835,66.28949,93,FISHING
2673,19.37236,66.51444,278,FISHING
2674,18.46363,65.46194,36,FISHING
2675,18.47167,65.38834,null,FISHING
2676,21.06613,63.30729,223,FISHING
2677,19.1841,63.45508,248,FISHING
2678,16.90333,62.82,334,FISHING
2679,18.88445,63.60616,303,FISHING
2680,17.12567,62.35759,243,UNKNOWN
2681,17.9028,61.78141,218,FISHING
2682,17.94164,64.51218,55,FISHING
2683,19.025,64.02333,174,FISHING
2684,19.31825,62.53435,296,FISHING
2685,17.90213,63.07427,9,UNKNOWN
2686,18.41283,65.5422,1,FISHING
2687,18.60642,65.23948,14,FISHING
2688,18.20645,61.56583,115,FISHING
2689,19.45025,66.58154,96,CARGO
2690,19.49455,66.55304,125,CARGO
2691,18.85255,62.13404,38,FISHING
2692,17.27847,62.01614,47,FISHING
2693,19.33167,63.77167,175,FISHING
2694,21.67978,63.24729,148,FISHING
2695,18.04493,65.42126,27,FISHING
2696,18.36833,64.34167,55,FISHING
2697,18.99743,62.9551,339,UNKNOWN
2698,19.57345,62.81995,28,FISHING
2699,21.06784,62.8523,106,UNKNOWN
2700,19.49834,63.10449,132,UNKNOWN
2701,18.96313,63.32761,0,FISHING
2702,18.80654,62.23726,249,UNKNOWN
2703,16.95247,62.71921,219,FISHING
2704,19.08293,64.71476,101,FISHING
2705,17.86081,63.02588,120,FISHING
2706,19.25458,63.69761,null,FISHING
2707,19.43,62.54833,null,FISHING
2708,18.82066,64.44,277,CARGO
2709,19.32667,63.63,null,FISHING
2710,21.01221,63.15419,94,FISHING
2711,19.53361,62.82357,173,UNKNOWN
2712,19.36372,63.09422,195,FISHING
2713,18.08142,64.99023,131,FISHING
2714,19.57919,66.48951,null,FISHING
2715,19.26167,65.44833,null,FISHING
2716,17.18839,63.48055,214,FISHING
2717,18.65593,63.36125,264,FISHING
2718,19.20469,63.78148,164,FISHING
2719,18.06753,62.30144,174,FISHING
2720,16.795,63.44667,252,FISHING
2721,16.81968,62.23353,218,FISHING
2722,18.54554,63.46095,10,YACHT
2723,16.85775,62.70823,267,FISHING
2724,19.05793,65.7551,14,FISHING
2725,19.14167,65.695,null,FISHING
2726,19.67234,62.95662,140,FISHING
2727,18.3894,65.42386,1,FISHING
2728,19.14339,64.83884,41,FISHING
2729,19.56333,62.56833,63,FISHING
2730,19.95035,63.53731,94,FISHING
2731,17.00672,62.04276,214,UNKNOWN
2732,19.42667,63.78833,null,FISHING
2733,18.80384,62.39324,264,FISHING
2734,17.23778,61.83423,242,UNKNOWN
2735,19.39742,66.61133,67,CARGO
2736,17.67864,62.48423,218,SUPPORT
2737,19.35167,63.86167,null,FISHING
2738,19.01667,64.22667,164,FISHING
2739,19.41052,63.19045,169,UNKNOWN
2740,17.18183,62.44437,264,FISHING
2741,20.055,63.52667,9,FISHING
2742,18.30952,65.43932,36,FISHING
2743,18.43939,65.15446,344,FISHING
2744,18.50737,63.6747,42,FISHING
2745,19.44211,66.71533,112,CARGO
2746,16.88792,62.11963,222,FISHING
2747,19.07105,63.56173,177,FISHING
2748,19.65792,63.08738,90,FISHING
2749,19.13167,65.13167,null,FISHING
2750,19.26106,65.77585,347,FISHING
2751,19.40667,63.585,143,FISHING
2752,19.50367,62.91638,285,UNKNOWN
2753,18.05862,65.39465,1,FISHING
2754,18.31694,63.70713,308,FISHING
2755,18.11655,65.73319,3,FISHING
2756,18.40833,64.02167,75,FISHING
2757,19.57141,63.20399,125,FISHING
2758,19.04635,63.81947,331,UNKNOWN
2759,18.47361,65.58759,1,FISHING
2760,18.46213,65.3009,20,FISHING
2761,19.94959,63.53427,80,FISHING
2762,17.90884,62.76995,31,FISHING
2763,19.56167,63.91833,188,FISHING
2764,19.65833,63.665,194,FISHING
2765,17.75397,63.14882,38,FISHING
2766,19.18593,64.98218,191,FISHING
2767,18.90844,62.38099,54,FISHING
2768,20.38646,63.77343,109,FISHING
2769,18.68188,63.75225,265,FISHING
2770,17.96971,62.96869,140,FISHING
2771,20.30167,63.00667,226,FISHING
2772,18.92911,63.45346,322,FISHING
2773,19.2,65.31,73,FISHING
2774,20.49364,63.31519,74,CARGO
2775,19.76316,62.99281,83,FISHING
2776,19.28073,65.26799,75,FISHING
2777,19.12774,65.84666,177,FISHING
2778,19.86559,62.52105,86,UNKNOWN
2779,17.75349,62.97353,77,FISHING
2780,19.30833,65.58,95,FISHING
2781,19.73313,62.40261,90,FISHING
2782,19.69167,63.93167,140,FISHING
2783,16.85,63.38,null,FISHING
2784,20.96777,62.02789,342,SUPPORT
2785,17.27402,63.69253,301,FISHING
2786,19.59859,62.93153,259,UNKNOWN
2787,19.28833,65.93833,null,FISHING
2788,19.04277,65.82288,164,FISHING
2789,18.55416,63.76273,286,FISHING
2790,18.94671,63.65096,284,FISHING
2791,20.66335,63.05964,104,FISHING
2792,19.67392,63.23205,105,UNKNOWN
2793,19.38333,65.68667,null,FISHING
2794,19.78333,63.83667,null,FISHING
2795,19.74603,62.86767,114,UNKNOWN
2796,19.645,63.54167,140,FISHING
2797,19.77286,63.20184,94,FISHING
2798,18.61218,63.59593,7,FISHING
2799,18.06215,65.63428,278,FISHING
2800,18.365,63.93333,null,FISHING
2801,22.17278,63.05985,270,CARGO
2802,19.08962,65.64268,0,FISHING
2803,19.23833,65.60167,null,FISHING
2804,19.53667,62.65333,null,UNKNOWN
2805,19.59738,63.04153,27,UNKNOWN
2806,20.02411,62.80341,125,FISHING
2807,18.80897,62.05168,192,UNKNOWN
2808,19.12,63.91833,179,FISHING
2809,19.51554,66.53443,null,FISHING
2810,19.39333,65.43333,null,FISHING
2811,19.09167,64.94666,null,FISHING
2812,18.02817,62.18672,125,UNKNOWN
2813,19.41667,66.015,null,FISHING
2814,20.57894,62.43402,108,FISHING
2815,20.72221,62.84648,120,UNKNOWN
2816,19.00224,63.9322,164,CARGO
2817,19.30339,63.96049,268,CARGO
2818,19.78689,62.90279,132,FISHING
2819,16.81578,61.95824,241,FISHING
2820,19.97905,63.18157,2,UNKNOWN
2821,19.21357,65.82146,36,FISHING
2822,19.70192,62.76088,13,UNKNOWN
2823,17.40984,65.04314,191,FISHING
2824,17.11,62.64167,null,FISHING
2825,17.48931,63.12037,227,FISHING
2826,19.24625,66.14679,49,FISHING
2827,18.43833,63.845,36,FISHING
2828,20.08602,63.42228,93,FISHING
2829,19.59833,62.48167,null,FISHING
2830,19.87092,62.40637,358,FISHING
2831,19.62597,63.73124,162,FISHING
